player_id,year,playoff_wins,last_name
AikmTr00,1989,0,Aikman
AikmTr00,1990,0,Aikman
AikmTr00,1991,0,Aikman
AikmTr00,1992,3,Aikman
AikmTr00,1993,6,Aikman
AikmTr00,1994,7,Aikman
AikmTr00,1995,10,Aikman
AikmTr00,1996,11,Aikman
AikmTr00,1997,11,Aikman
AikmTr00,1998,11,Aikman
AikmTr00,1999,11,Aikman
AikmTr00,2000,11,Aikman
AlbeFr00,1950,0,Albert
AlbeFr00,1951,0,Albert
AlbeFr00,1952,0,Albert
AlleJo02,2018,0,Allen
AlleJo02,2019,0,Allen
AlleJo02,2020,2,Allen
AlleJo02,2021,3,Allen
AlleKy00,2018,0,Allen
AlleKy00,2019,0,Allen
AlleKy00,2020,0,Allen
AlleKy00,2021,0,Allen
AndeDe00,2006,0,Anderson
AndeDe00,2007,0,Anderson
AndeDe00,2008,0,Anderson
AndeDe00,2009,0,Anderson
AndeDe00,2010,0,Anderson
AndeDe00,2011,0,Anderson
AndeDe00,2012,0,Anderson
AndeDe00,2013,0,Anderson
AndeDe00,2014,0,Anderson
AndeDe00,2015,0,Anderson
AndeDe00,2016,0,Anderson
AndeDe00,2017,0,Anderson
AndeDe00,2018,0,Anderson
AndeKe00,1971,0,Anderson
AndeKe00,1972,0,Anderson
AndeKe00,1973,0,Anderson
AndeKe00,1974,0,Anderson
AndeKe00,1975,0,Anderson
AndeKe00,1976,0,Anderson
AndeKe00,1977,0,Anderson
AndeKe00,1978,0,Anderson
AndeKe00,1979,0,Anderson
AndeKe00,1980,0,Anderson
AndeKe00,1981,2,Anderson
AndeKe00,1982,2,Anderson
AndeKe00,1983,2,Anderson
AndeKe00,1984,2,Anderson
AndeKe00,1985,2,Anderson
AndeKe00,1986,2,Anderson
ArchDa00,1984,0,Archer
ArchDa00,1985,0,Archer
ArchDa00,1986,0,Archer
ArchDa00,1987,0,Archer
ArchDa00,1988,0,Archer
ArchDa00,1989,0,Archer
AvelBo00,1975,0,Avellini
AvelBo00,1976,0,Avellini
AvelBo00,1977,0,Avellini
AvelBo00,1978,0,Avellini
AvelBo00,1979,0,Avellini
AvelBo00,1980,0,Avellini
AvelBo00,1981,0,Avellini
AvelBo00,1982,0,Avellini
AvelBo00,1983,0,Avellini
AvelBo00,1984,0,Avellini
BankTo00,1996,0,Banks
BankTo00,1997,0,Banks
BankTo00,1998,0,Banks
BankTo00,1999,0,Banks
BankTo00,2000,0,Banks
BankTo00,2001,0,Banks
BankTo00,2002,0,Banks
BankTo00,2003,0,Banks
BankTo00,2004,0,Banks
BankTo00,2005,0,Banks
BartSt00,1975,0,Bartkowski
BartSt00,1976,0,Bartkowski
BartSt00,1977,0,Bartkowski
BartSt00,1978,1,Bartkowski
BartSt00,1979,1,Bartkowski
BartSt00,1980,1,Bartkowski
BartSt00,1981,1,Bartkowski
BartSt00,1982,1,Bartkowski
BartSt00,1983,1,Bartkowski
BartSt00,1984,1,Bartkowski
BartSt00,1985,1,Bartkowski
BartSt00,1986,1,Bartkowski
BatcCh00,1998,0,Batch
BatcCh00,1999,0,Batch
BatcCh00,2000,0,Batch
BatcCh00,2001,0,Batch
BatcCh00,2002,0,Batch
BatcCh00,2003,0,Batch
BatcCh00,2004,0,Batch
BatcCh00,2005,0,Batch
BatcCh00,2006,0,Batch
BatcCh00,2007,0,Batch
BatcCh00,2008,0,Batch
BatcCh00,2009,0,Batch
BatcCh00,2010,0,Batch
BatcCh00,2011,0,Batch
BatcCh00,2012,0,Batch
BerrBo00,1965,0,Berry
BerrBo00,1966,0,Berry
BerrBo00,1967,0,Berry
BerrBo00,1968,0,Berry
BerrBo00,1969,0,Berry
BerrBo00,1970,0,Berry
BerrBo00,1971,0,Berry
BerrBo00,1972,0,Berry
BerrBo00,1973,0,Berry
BerrBo00,1974,0,Berry
BerrBo00,1975,0,Berry
BeueSt00,1988,0,Beuerlein
BeueSt00,1989,0,Beuerlein
BeueSt00,1990,0,Beuerlein
BeueSt00,1991,1,Beuerlein
BeueSt00,1992,1,Beuerlein
BeueSt00,1993,1,Beuerlein
BeueSt00,1994,1,Beuerlein
BeueSt00,1995,1,Beuerlein
BeueSt00,1996,1,Beuerlein
BeueSt00,1997,1,Beuerlein
BeueSt00,1998,1,Beuerlein
BeueSt00,1999,1,Beuerlein
BeueSt00,2000,1,Beuerlein
BeueSt00,2001,1,Beuerlein
BeueSt00,2002,1,Beuerlein
BeueSt00,2003,1,Beuerlein
BlacTo00,1983,0,Blackledge
BlacTo00,1984,0,Blackledge
BlacTo00,1985,0,Blackledge
BlacTo00,1986,0,Blackledge
BlacTo00,1987,0,Blackledge
BlacTo00,1988,0,Blackledge
BlacTo00,1989,0,Blackledge
BlakJe00,1992,0,Blake
BlakJe00,1993,0,Blake
BlakJe00,1994,0,Blake
BlakJe00,1995,0,Blake
BlakJe00,1996,0,Blake
BlakJe00,1997,0,Blake
BlakJe00,1998,0,Blake
BlakJe00,1999,0,Blake
BlakJe00,2000,0,Blake
BlakJe00,2001,0,Blake
BlakJe00,2002,0,Blake
BlakJe00,2003,0,Blake
BlakJe00,2004,0,Blake
BlakJe00,2005,0,Blake
BlanGe00,1950,0,Blanda
BlanGe00,1951,0,Blanda
BlanGe00,1952,0,Blanda
BlanGe00,1953,0,Blanda
BlanGe00,1954,0,Blanda
BlanGe00,1955,0,Blanda
BlanGe00,1956,0,Blanda
BlanGe00,1957,0,Blanda
BlanGe00,1958,0,Blanda
BlanGe00,1959,0,Blanda
BlanGe00,1960,0,Blanda
BlanGe00,1961,0,Blanda
BlanGe00,1962,0,Blanda
BlanGe00,1963,0,Blanda
BlanGe00,1964,0,Blanda
BlanGe00,1965,0,Blanda
BlanGe00,1966,0,Blanda
BlanGe00,1967,0,Blanda
BlanGe00,1968,0,Blanda
BlanGe00,1969,0,Blanda
BlanGe00,1970,0,Blanda
BlanGe00,1971,0,Blanda
BlanGe00,1972,0,Blanda
BlanGe00,1973,0,Blanda
BlanGe00,1974,0,Blanda
BlanGe00,1975,0,Blanda
BledDr00,1993,0,Bledsoe
BledDr00,1994,0,Bledsoe
BledDr00,1995,0,Bledsoe
BledDr00,1996,2,Bledsoe
BledDr00,1997,3,Bledsoe
BledDr00,1998,3,Bledsoe
BledDr00,1999,3,Bledsoe
BledDr00,2000,3,Bledsoe
BledDr00,2001,3,Bledsoe
BledDr00,2002,3,Bledsoe
BledDr00,2003,3,Bledsoe
BledDr00,2004,3,Bledsoe
BledDr00,2005,3,Bledsoe
BledDr00,2006,3,Bledsoe
BollKy00,2003,0,Boller
BollKy00,2004,0,Boller
BollKy00,2005,0,Boller
BollKy00,2006,0,Boller
BollKy00,2007,0,Boller
BollKy00,2008,0,Boller
BollKy00,2009,0,Boller
BollKy00,2010,0,Boller
BollKy00,2011,0,Boller
BonoSt00,1985,0,Bono
BonoSt00,1986,0,Bono
BonoSt00,1987,0,Bono
BonoSt00,1988,0,Bono
BonoSt00,1989,0,Bono
BonoSt00,1990,0,Bono
BonoSt00,1991,0,Bono
BonoSt00,1992,0,Bono
BonoSt00,1993,0,Bono
BonoSt00,1994,0,Bono
BonoSt00,1995,0,Bono
BonoSt00,1996,0,Bono
BonoSt00,1997,0,Bono
BonoSt00,1998,0,Bono
BonoSt00,1999,0,Bono
BortBl00,2014,0,Bortles
BortBl00,2015,0,Bortles
BortBl00,2016,0,Bortles
BortBl00,2017,2,Bortles
BortBl00,2018,2,Bortles
BortBl00,2019,2,Bortles
BoryMi00,1974,0,Boryla
BoryMi00,1975,0,Boryla
BoryMi00,1976,0,Boryla
BoryMi00,1977,0,Boryla
BoryMi00,1978,0,Boryla
BradSa00,2010,0,Bradford
BradSa00,2011,0,Bradford
BradSa00,2012,0,Bradford
BradSa00,2013,0,Bradford
BradSa00,2014,0,Bradford
BradSa00,2015,0,Bradford
BradSa00,2016,0,Bradford
BradSa00,2017,0,Bradford
BradSa00,2018,0,Bradford
BradTe00,1970,0,Bradshaw
BradTe00,1971,0,Bradshaw
BradTe00,1972,1,Bradshaw
BradTe00,1973,1,Bradshaw
BradTe00,1974,4,Bradshaw
BradTe00,1975,7,Bradshaw
BradTe00,1976,8,Bradshaw
BradTe00,1977,8,Bradshaw
BradTe00,1978,11,Bradshaw
BradTe00,1979,14,Bradshaw
BradTe00,1980,14,Bradshaw
BradTe00,1981,14,Bradshaw
BradTe00,1982,14,Bradshaw
BradTe00,1983,14,Bradshaw
BradTo00,2000,0,Brady
BradTo00,2001,3,Brady
BradTo00,2002,3,Brady
BradTo00,2003,6,Brady
BradTo00,2004,9,Brady
BradTo00,2005,10,Brady
BradTo00,2006,12,Brady
BradTo00,2007,14,Brady
BradTo00,2008,14,Brady
BradTo00,2009,14,Brady
BradTo00,2010,14,Brady
BradTo00,2011,16,Brady
BradTo00,2012,17,Brady
BradTo00,2013,18,Brady
BradTo00,2014,21,Brady
BradTo00,2015,22,Brady
BradTo00,2016,25,Brady
BradTo00,2017,27,Brady
BradTo00,2018,30,Brady
BradTo00,2019,30,Brady
BradTo00,2020,34,Brady
BradTo00,2021,35,Brady
BratZe00,1954,0,Bratkowski
BratZe00,1955,0,Bratkowski
BratZe00,1956,0,Bratkowski
BratZe00,1957,0,Bratkowski
BratZe00,1958,0,Bratkowski
BratZe00,1959,0,Bratkowski
BratZe00,1960,0,Bratkowski
BratZe00,1961,0,Bratkowski
BratZe00,1962,0,Bratkowski
BratZe00,1963,0,Bratkowski
BratZe00,1964,0,Bratkowski
BratZe00,1965,0,Bratkowski
BratZe00,1966,0,Bratkowski
BratZe00,1967,0,Bratkowski
BratZe00,1968,0,Bratkowski
BratZe00,1969,0,Bratkowski
BratZe00,1970,0,Bratkowski
BratZe00,1971,0,Bratkowski
BreeDr00,2001,0,Brees
BreeDr00,2002,0,Brees
BreeDr00,2003,0,Brees
BreeDr00,2004,0,Brees
BreeDr00,2005,0,Brees
BreeDr00,2006,1,Brees
BreeDr00,2007,1,Brees
BreeDr00,2008,1,Brees
BreeDr00,2009,4,Brees
BreeDr00,2010,4,Brees
BreeDr00,2011,5,Brees
BreeDr00,2012,5,Brees
BreeDr00,2013,6,Brees
BreeDr00,2014,6,Brees
BreeDr00,2015,6,Brees
BreeDr00,2016,6,Brees
BreeDr00,2017,7,Brees
BreeDr00,2018,8,Brees
BreeDr00,2019,8,Brees
BreeDr00,2020,9,Brees
BridTe00,2014,0,Bridgewater
BridTe00,2015,0,Bridgewater
BridTe00,2016,0,Bridgewater
BridTe00,2017,0,Bridgewater
BridTe00,2018,0,Bridgewater
BridTe00,2019,0,Bridgewater
BridTe00,2020,0,Bridgewater
BridTe00,2021,0,Bridgewater
BrisBu00,1986,0,Brister
BrisBu00,1987,0,Brister
BrisBu00,1988,0,Brister
BrisBu00,1989,1,Brister
BrisBu00,1990,1,Brister
BrisBu00,1991,1,Brister
BrisBu00,1992,1,Brister
BrisBu00,1993,1,Brister
BrisBu00,1994,1,Brister
BrisBu00,1995,1,Brister
BrisBu00,1996,1,Brister
BrisBu00,1997,1,Brister
BrisBu00,1998,1,Brister
BrisBu00,1999,1,Brister
BrisBu00,2000,1,Brister
BrisJa00,2016,0,Brissett
BrisJa00,2017,0,Brissett
BrisJa00,2018,0,Brissett
BrisJa00,2019,0,Brissett
BrisJa00,2020,0,Brissett
BrisJa00,2021,0,Brissett
BrodJo00,1957,0,Brodie
BrodJo00,1958,0,Brodie
BrodJo00,1959,0,Brodie
BrodJo00,1960,0,Brodie
BrodJo00,1961,0,Brodie
BrodJo00,1962,0,Brodie
BrodJo00,1963,0,Brodie
BrodJo00,1964,0,Brodie
BrodJo00,1965,0,Brodie
BrodJo00,1966,0,Brodie
BrodJo00,1967,0,Brodie
BrodJo00,1968,0,Brodie
BrodJo00,1969,0,Brodie
BrodJo00,1970,1,Brodie
BrodJo00,1971,2,Brodie
BrodJo00,1972,2,Brodie
BrodJo00,1973,2,Brodie
BrooAa00,2000,1,Brooks
BrooAa00,2001,1,Brooks
BrooAa00,2002,1,Brooks
BrooAa00,2003,1,Brooks
BrooAa00,2004,1,Brooks
BrooAa00,2005,1,Brooks
BrooAa00,2006,1,Brooks
BrowDa00,1992,0,Brown
BrowDa00,1993,0,Brown
BrowDa00,1994,0,Brown
BrowDa00,1995,0,Brown
BrowDa00,1996,0,Brown
BrowDa00,1997,0,Brown
BrowDa00,1998,0,Brown
BrowDa00,1999,0,Brown
BrowDa00,2000,0,Brown
BrowEd01,1954,0,Brown
BrowEd01,1955,0,Brown
BrowEd01,1956,0,Brown
BrowEd01,1957,0,Brown
BrowEd01,1958,0,Brown
BrowEd01,1959,0,Brown
BrowEd01,1960,0,Brown
BrowEd01,1961,0,Brown
BrowEd01,1962,0,Brown
BrowEd01,1963,0,Brown
BrowEd01,1964,0,Brown
BrowEd01,1965,0,Brown
BrunMa00,1994,0,Brunell
BrunMa00,1995,0,Brunell
BrunMa00,1996,2,Brunell
BrunMa00,1997,2,Brunell
BrunMa00,1998,3,Brunell
BrunMa00,1999,4,Brunell
BrunMa00,2000,4,Brunell
BrunMa00,2001,4,Brunell
BrunMa00,2002,4,Brunell
BrunMa00,2003,4,Brunell
BrunMa00,2004,4,Brunell
BrunMa00,2005,5,Brunell
BrunMa00,2006,5,Brunell
BrunMa00,2007,5,Brunell
BrunMa00,2008,5,Brunell
BrunMa00,2009,5,Brunell
BrunMa00,2010,5,Brunell
BrunMa00,2011,5,Brunell
BrunSc00,1980,0,Brunner
BrunSc00,1981,1,Brunner
BrunSc00,1982,1,Brunner
BrunSc00,1983,1,Brunner
BrunSc00,1984,1,Brunner
BrunSc00,1985,1,Brunner
BukiRu00,1953,0,Bukich
BukiRu00,1954,0,Bukich
BukiRu00,1955,0,Bukich
BukiRu00,1956,0,Bukich
BukiRu00,1957,0,Bukich
BukiRu00,1958,0,Bukich
BukiRu00,1959,0,Bukich
BukiRu00,1960,0,Bukich
BukiRu00,1961,0,Bukich
BukiRu00,1962,0,Bukich
BukiRu00,1963,0,Bukich
BukiRu00,1964,0,Bukich
BukiRu00,1965,0,Bukich
BukiRu00,1966,0,Bukich
BukiRu00,1967,0,Bukich
BukiRu00,1968,0,Bukich
BulgMa00,2002,0,Bulger
BulgMa00,2003,0,Bulger
BulgMa00,2004,1,Bulger
BulgMa00,2005,1,Bulger
BulgMa00,2006,1,Bulger
BulgMa00,2007,1,Bulger
BulgMa00,2008,1,Bulger
BulgMa00,2009,1,Bulger
BurkAd00,1950,0,Burk
BurkAd00,1951,0,Burk
BurkAd00,1952,0,Burk
BurkAd00,1953,0,Burk
BurkAd00,1954,0,Burk
BurkAd00,1955,0,Burk
BurkAd00,1956,0,Burk
BurrJo01,2020,0,Burrow
BurrJo01,2021,3,Burrow
CampJa00,2006,0,Campbell
CampJa00,2007,0,Campbell
CampJa00,2008,0,Campbell
CampJa00,2009,0,Campbell
CampJa00,2010,0,Campbell
CampJa00,2011,0,Campbell
CampJa00,2012,0,Campbell
CampJa00,2013,0,Campbell
CampJa00,2014,0,Campbell
CarlCo00,1988,0,Carlson
CarlCo00,1989,0,Carlson
CarlCo00,1990,0,Carlson
CarlCo00,1991,0,Carlson
CarlCo00,1992,0,Carlson
CarlCo00,1993,0,Carlson
CarlCo00,1994,0,Carlson
CarrDa00,2002,0,Carr
CarrDa00,2003,0,Carr
CarrDa00,2004,0,Carr
CarrDa00,2005,0,Carr
CarrDa00,2006,0,Carr
CarrDa00,2007,0,Carr
CarrDa00,2008,0,Carr
CarrDa00,2009,0,Carr
CarrDa00,2010,0,Carr
CarrDa00,2011,0,Carr
CarrDa00,2012,0,Carr
CarrDe02,2014,0,Carr
CarrDe02,2015,0,Carr
CarrDe02,2016,0,Carr
CarrDe02,2017,0,Carr
CarrDe02,2018,0,Carr
CarrDe02,2019,0,Carr
CarrDe02,2020,0,Carr
CarrDe02,2021,0,Carr
CartQu00,2001,0,Carter
CartQu00,2002,0,Carter
CartQu00,2003,0,Carter
CartQu00,2004,0,Carter
CartVi00,1968,0,Carter
CartVi00,1969,0,Carter
CartVi00,1970,0,Carter
CartVi00,1971,0,Carter
CartVi00,1972,0,Carter
CartVi00,1973,0,Carter
CartVi00,1974,0,Carter
CartVi00,1975,0,Carter
CartVi00,1976,0,Carter
CassMa00,2005,0,Cassel
CassMa00,2006,0,Cassel
CassMa00,2007,0,Cassel
CassMa00,2008,0,Cassel
CassMa00,2009,0,Cassel
CassMa00,2010,0,Cassel
CassMa00,2011,0,Cassel
CassMa00,2012,0,Cassel
CassMa00,2013,0,Cassel
CassMa00,2014,0,Cassel
CassMa00,2015,0,Cassel
CassMa00,2016,0,Cassel
CassMa00,2017,0,Cassel
CassMa00,2018,0,Cassel
CavaMa00,1979,0,Cavanaugh
CavaMa00,1980,0,Cavanaugh
CavaMa00,1981,0,Cavanaugh
CavaMa00,1982,0,Cavanaugh
CavaMa00,1983,0,Cavanaugh
CavaMa00,1984,0,Cavanaugh
CavaMa00,1985,0,Cavanaugh
CavaMa00,1986,0,Cavanaugh
CavaMa00,1987,0,Cavanaugh
CavaMa00,1988,0,Cavanaugh
CavaMa00,1989,0,Cavanaugh
ChanCh00,1988,0,Chandler
ChanCh00,1989,0,Chandler
ChanCh00,1990,0,Chandler
ChanCh00,1991,0,Chandler
ChanCh00,1992,0,Chandler
ChanCh00,1993,0,Chandler
ChanCh00,1994,0,Chandler
ChanCh00,1995,0,Chandler
ChanCh00,1996,0,Chandler
ChanCh00,1997,0,Chandler
ChanCh00,1998,2,Chandler
ChanCh00,1999,2,Chandler
ChanCh00,2000,2,Chandler
ChanCh00,2001,2,Chandler
ChanCh00,2002,2,Chandler
ChanCh00,2003,2,Chandler
ChanCh00,2004,2,Chandler
ClemKe00,2006,0,Clemens
ClemKe00,2007,0,Clemens
ClemKe00,2008,0,Clemens
ClemKe00,2009,0,Clemens
ClemKe00,2010,0,Clemens
ClemKe00,2011,0,Clemens
ClemKe00,2012,0,Clemens
ClemKe00,2013,0,Clemens
ClemKe00,2014,0,Clemens
ClemKe00,2015,0,Clemens
ClemKe00,2016,0,Clemens
ClemKe00,2017,0,Clemens
CollKe00,1995,0,Collins
CollKe00,1996,1,Collins
CollKe00,1997,1,Collins
CollKe00,1998,1,Collins
CollKe00,1999,1,Collins
CollKe00,2000,3,Collins
CollKe00,2001,3,Collins
CollKe00,2002,3,Collins
CollKe00,2003,3,Collins
CollKe00,2004,3,Collins
CollKe00,2005,3,Collins
CollKe00,2006,3,Collins
CollKe00,2007,3,Collins
CollKe00,2008,3,Collins
CollKe00,2009,3,Collins
CollKe00,2010,3,Collins
CollKe00,2011,3,Collins
CollTo00,1995,0,Collins
CollTo00,1996,0,Collins
CollTo00,1997,0,Collins
CollTo00,1998,0,Collins
CollTo00,1999,0,Collins
CollTo00,2000,0,Collins
CollTo00,2001,0,Collins
CollTo00,2002,0,Collins
CollTo00,2003,0,Collins
CollTo00,2004,0,Collins
CollTo00,2005,0,Collins
CollTo00,2006,0,Collins
CollTo00,2007,0,Collins
CollTo00,2008,0,Collins
CollTo00,2009,0,Collins
CollTo00,2010,0,Collins
ConcJa00,1964,0,Concannon
ConcJa00,1965,0,Concannon
ConcJa00,1966,0,Concannon
ConcJa00,1967,0,Concannon
ConcJa00,1968,0,Concannon
ConcJa00,1969,0,Concannon
ConcJa00,1970,0,Concannon
ConcJa00,1971,0,Concannon
ConcJa00,1972,0,Concannon
ConcJa00,1973,0,Concannon
ConcJa00,1974,0,Concannon
ConcJa00,1975,0,Concannon
ConeCh00,1950,0,Conerly
ConeCh00,1951,0,Conerly
ConeCh00,1952,0,Conerly
ConeCh00,1953,0,Conerly
ConeCh00,1954,0,Conerly
ConeCh00,1955,0,Conerly
ConeCh00,1956,0,Conerly
ConeCh00,1957,0,Conerly
ConeCh00,1958,0,Conerly
ConeCh00,1959,0,Conerly
ConeCh00,1960,0,Conerly
ConeCh00,1961,0,Conerly
CoucTi00,1999,0,Couch
CoucTi00,2000,0,Couch
CoucTi00,2001,0,Couch
CoucTi00,2002,0,Couch
CoucTi00,2003,0,Couch
CousKi00,2012,0,Cousins
CousKi00,2013,0,Cousins
CousKi00,2014,0,Cousins
CousKi00,2015,0,Cousins
CousKi00,2016,0,Cousins
CousKi00,2017,0,Cousins
CousKi00,2018,0,Cousins
CousKi00,2019,1,Cousins
CousKi00,2020,1,Cousins
CousKi00,2021,1,Cousins
CulpDa00,2000,1,Culpepper
CulpDa00,2001,1,Culpepper
CulpDa00,2002,1,Culpepper
CulpDa00,2003,1,Culpepper
CulpDa00,2004,2,Culpepper
CulpDa00,2005,2,Culpepper
CulpDa00,2006,2,Culpepper
CulpDa00,2007,2,Culpepper
CulpDa00,2008,2,Culpepper
CulpDa00,2009,2,Culpepper
CunnRa00,1985,0,Cunningham
CunnRa00,1986,0,Cunningham
CunnRa00,1987,0,Cunningham
CunnRa00,1988,0,Cunningham
CunnRa00,1989,0,Cunningham
CunnRa00,1990,0,Cunningham
CunnRa00,1991,0,Cunningham
CunnRa00,1992,1,Cunningham
CunnRa00,1993,1,Cunningham
CunnRa00,1994,1,Cunningham
CunnRa00,1995,1,Cunningham
CunnRa00,1996,1,Cunningham
CunnRa00,1997,2,Cunningham
CunnRa00,1998,3,Cunningham
CunnRa00,1999,3,Cunningham
CunnRa00,2000,3,Cunningham
CunnRa00,2001,3,Cunningham
CuozGa00,1963,0,Cuozzo
CuozGa00,1964,0,Cuozzo
CuozGa00,1965,0,Cuozzo
CuozGa00,1966,0,Cuozzo
CuozGa00,1967,0,Cuozzo
CuozGa00,1968,0,Cuozzo
CuozGa00,1969,0,Cuozzo
CuozGa00,1970,0,Cuozzo
CuozGa00,1971,0,Cuozzo
CuozGa00,1972,0,Cuozzo
CutlJa00,2006,0,Cutler
CutlJa00,2007,0,Cutler
CutlJa00,2008,0,Cutler
CutlJa00,2009,0,Cutler
CutlJa00,2010,1,Cutler
CutlJa00,2011,1,Cutler
CutlJa00,2012,1,Cutler
CutlJa00,2013,1,Cutler
CutlJa00,2014,1,Cutler
CutlJa00,2015,1,Cutler
CutlJa00,2016,1,Cutler
CutlJa00,2017,1,Cutler
DaltAn00,2011,0,Dalton
DaltAn00,2012,0,Dalton
DaltAn00,2013,0,Dalton
DaltAn00,2014,0,Dalton
DaltAn00,2015,0,Dalton
DaltAn00,2016,0,Dalton
DaltAn00,2017,0,Dalton
DaltAn00,2018,0,Dalton
DaltAn00,2019,0,Dalton
DaltAn00,2020,0,Dalton
DaltAn00,2021,0,Dalton
DaniGa00,1977,0,Danielson
DaniGa00,1978,0,Danielson
DaniGa00,1979,0,Danielson
DaniGa00,1980,0,Danielson
DaniGa00,1981,0,Danielson
DaniGa00,1982,0,Danielson
DaniGa00,1983,0,Danielson
DaniGa00,1984,0,Danielson
DaniGa00,1985,0,Danielson
DaniGa00,1986,0,Danielson
DaniGa00,1987,0,Danielson
DaniGa00,1988,0,Danielson
DarnSa00,2018,0,Darnold
DarnSa00,2019,0,Darnold
DarnSa00,2020,0,Darnold
DarnSa00,2021,0,Darnold
DawsLe00,1957,0,Dawson
DawsLe00,1958,0,Dawson
DawsLe00,1959,0,Dawson
DawsLe00,1960,0,Dawson
DawsLe00,1961,0,Dawson
DawsLe00,1962,0,Dawson
DawsLe00,1963,0,Dawson
DawsLe00,1964,0,Dawson
DawsLe00,1965,0,Dawson
DawsLe00,1966,0,Dawson
DawsLe00,1967,0,Dawson
DawsLe00,1968,0,Dawson
DawsLe00,1969,0,Dawson
DawsLe00,1970,0,Dawson
DawsLe00,1971,0,Dawson
DawsLe00,1972,0,Dawson
DawsLe00,1973,0,Dawson
DawsLe00,1974,0,Dawson
DawsLe00,1975,0,Dawson
DebeSt00,1978,0,DeBerg
DebeSt00,1979,0,DeBerg
DebeSt00,1980,0,DeBerg
DebeSt00,1981,0,DeBerg
DebeSt00,1982,0,DeBerg
DebeSt00,1983,0,DeBerg
DebeSt00,1984,0,DeBerg
DebeSt00,1985,0,DeBerg
DebeSt00,1986,0,DeBerg
DebeSt00,1987,0,DeBerg
DebeSt00,1988,0,DeBerg
DebeSt00,1989,0,DeBerg
DebeSt00,1990,0,DeBerg
DebeSt00,1991,1,DeBerg
DebeSt00,1992,1,DeBerg
DebeSt00,1993,1,DeBerg
DebeSt00,1994,1,DeBerg
DebeSt00,1995,1,DeBerg
DebeSt00,1996,1,DeBerg
DebeSt00,1997,1,DeBerg
DebeSt00,1998,1,DeBerg
DelhJa00,1999,0,Delhomme
DelhJa00,2000,0,Delhomme
DelhJa00,2001,0,Delhomme
DelhJa00,2002,0,Delhomme
DelhJa00,2003,3,Delhomme
DelhJa00,2004,3,Delhomme
DelhJa00,2005,5,Delhomme
DelhJa00,2006,5,Delhomme
DelhJa00,2007,5,Delhomme
DelhJa00,2008,5,Delhomme
DelhJa00,2009,5,Delhomme
DelhJa00,2010,5,Delhomme
DelhJa00,2011,5,Delhomme
DetmTy00,1993,0,Detmer
DetmTy00,1994,0,Detmer
DetmTy00,1995,0,Detmer
DetmTy00,1996,0,Detmer
DetmTy00,1997,0,Detmer
DetmTy00,1998,0,Detmer
DetmTy00,1999,0,Detmer
DetmTy00,2000,0,Detmer
DetmTy00,2001,0,Detmer
DickLy00,1971,0,Dickey
DickLy00,1972,0,Dickey
DickLy00,1973,0,Dickey
DickLy00,1974,0,Dickey
DickLy00,1975,0,Dickey
DickLy00,1976,0,Dickey
DickLy00,1977,0,Dickey
DickLy00,1978,0,Dickey
DickLy00,1979,0,Dickey
DickLy00,1980,0,Dickey
DickLy00,1981,0,Dickey
DickLy00,1982,1,Dickey
DickLy00,1983,1,Dickey
DickLy00,1984,1,Dickey
DickLy00,1985,1,Dickey
DilfTr00,1994,0,Dilfer
DilfTr00,1995,0,Dilfer
DilfTr00,1996,0,Dilfer
DilfTr00,1997,1,Dilfer
DilfTr00,1998,1,Dilfer
DilfTr00,1999,1,Dilfer
DilfTr00,2000,5,Dilfer
DilfTr00,2001,5,Dilfer
DilfTr00,2002,5,Dilfer
DilfTr00,2003,5,Dilfer
DilfTr00,2004,5,Dilfer
DilfTr00,2005,5,Dilfer
DilfTr00,2006,5,Dilfer
DilfTr00,2007,5,Dilfer
DilsSt00,1980,0,Dils
DilsSt00,1981,0,Dils
DilsSt00,1982,0,Dils
DilsSt00,1983,0,Dils
DilsSt00,1984,0,Dils
DilsSt00,1985,0,Dils
DilsSt00,1986,0,Dils
DilsSt00,1987,0,Dils
DilsSt00,1988,0,Dils
DomrMa00,1970,0,Domres
DomrMa00,1971,0,Domres
DomrMa00,1972,0,Domres
DomrMa00,1973,0,Domres
DomrMa00,1974,0,Domres
DomrMa00,1975,0,Domres
DomrMa00,1976,0,Domres
DomrMa00,1977,0,Domres
DougBo00,1969,0,Douglass
DougBo00,1970,0,Douglass
DougBo00,1971,0,Douglass
DougBo00,1972,0,Douglass
DougBo00,1973,0,Douglass
DougBo00,1974,0,Douglass
DougBo00,1975,0,Douglass
DougBo00,1976,0,Douglass
DougBo00,1977,0,Douglass
DougBo00,1978,0,Douglass
EasoTo00,1983,0,Eason
EasoTo00,1984,0,Eason
EasoTo00,1985,3,Eason
EasoTo00,1986,3,Eason
EasoTo00,1987,3,Eason
EasoTo00,1988,3,Eason
EasoTo00,1989,3,Eason
EasoTo00,1990,3,Eason
EdwaTr01,2007,0,Edwards
EdwaTr01,2008,0,Edwards
EdwaTr01,2009,0,Edwards
EdwaTr01,2010,0,Edwards
EdwaTr01,2011,0,Edwards
EdwaTr01,2012,0,Edwards
ElwaJo00,1983,0,Elway
ElwaJo00,1984,0,Elway
ElwaJo00,1985,0,Elway
ElwaJo00,1986,2,Elway
ElwaJo00,1987,4,Elway
ElwaJo00,1988,4,Elway
ElwaJo00,1989,6,Elway
ElwaJo00,1990,6,Elway
ElwaJo00,1991,7,Elway
ElwaJo00,1992,7,Elway
ElwaJo00,1993,7,Elway
ElwaJo00,1994,7,Elway
ElwaJo00,1995,7,Elway
ElwaJo00,1996,7,Elway
ElwaJo00,1997,11,Elway
ElwaJo00,1998,14,Elway
EricCr00,1992,0,Erickson
EricCr00,1993,0,Erickson
EricCr00,1994,0,Erickson
EricCr00,1995,0,Erickson
EricCr00,1996,0,Erickson
EricCr00,1997,0,Erickson
EsiaBo00,1984,0,Esiason
EsiaBo00,1985,0,Esiason
EsiaBo00,1986,0,Esiason
EsiaBo00,1987,0,Esiason
EsiaBo00,1988,2,Esiason
EsiaBo00,1989,2,Esiason
EsiaBo00,1990,3,Esiason
EsiaBo00,1991,3,Esiason
EsiaBo00,1992,3,Esiason
EsiaBo00,1993,3,Esiason
EsiaBo00,1994,3,Esiason
EsiaBo00,1995,3,Esiason
EsiaBo00,1996,3,Esiason
EsiaBo00,1997,3,Esiason
EvanVi00,1978,0,Evans
EvanVi00,1979,0,Evans
EvanVi00,1980,0,Evans
EvanVi00,1981,0,Evans
EvanVi00,1982,0,Evans
EvanVi00,1983,0,Evans
EvanVi00,1984,0,Evans
EvanVi00,1985,0,Evans
EvanVi00,1986,0,Evans
EvanVi00,1987,0,Evans
EvanVi00,1988,0,Evans
EvanVi00,1989,0,Evans
EvanVi00,1990,0,Evans
EvanVi00,1991,0,Evans
EvanVi00,1992,0,Evans
EvanVi00,1993,0,Evans
EvanVi00,1994,0,Evans
EvanVi00,1995,0,Evans
EverJi00,1986,0,Everett
EverJi00,1987,0,Everett
EverJi00,1988,0,Everett
EverJi00,1989,2,Everett
EverJi00,1990,2,Everett
EverJi00,1991,2,Everett
EverJi00,1992,2,Everett
EverJi00,1993,2,Everett
EverJi00,1994,2,Everett
EverJi00,1995,2,Everett
EverJi00,1996,2,Everett
EverJi00,1997,2,Everett
FavrBr00,1991,0,Favre
FavrBr00,1992,0,Favre
FavrBr00,1993,1,Favre
FavrBr00,1994,2,Favre
FavrBr00,1995,4,Favre
FavrBr00,1996,7,Favre
FavrBr00,1997,9,Favre
FavrBr00,1998,9,Favre
FavrBr00,1999,9,Favre
FavrBr00,2000,9,Favre
FavrBr00,2001,10,Favre
FavrBr00,2002,10,Favre
FavrBr00,2003,11,Favre
FavrBr00,2004,11,Favre
FavrBr00,2005,11,Favre
FavrBr00,2006,11,Favre
FavrBr00,2007,12,Favre
FavrBr00,2008,12,Favre
FavrBr00,2009,13,Favre
FavrBr00,2010,13,Favre
FeelA.00,2001,0,Feeley
FeelA.00,2002,0,Feeley
FeelA.00,2003,0,Feeley
FeelA.00,2004,0,Feeley
FeelA.00,2005,0,Feeley
FeelA.00,2006,0,Feeley
FeelA.00,2007,0,Feeley
FeelA.00,2008,0,Feeley
FeelA.00,2009,0,Feeley
FeelA.00,2010,0,Feeley
FeelA.00,2011,0,Feeley
FergJo00,1973,0,Ferguson
FergJo00,1974,0,Ferguson
FergJo00,1975,0,Ferguson
FergJo00,1976,0,Ferguson
FergJo00,1977,0,Ferguson
FergJo00,1978,0,Ferguson
FergJo00,1979,0,Ferguson
FergJo00,1980,0,Ferguson
FergJo00,1981,1,Ferguson
FergJo00,1982,1,Ferguson
FergJo00,1983,1,Ferguson
FergJo00,1984,1,Ferguson
FergJo00,1985,1,Ferguson
FergJo00,1986,1,Ferguson
FergJo00,1987,1,Ferguson
FergJo00,1988,1,Ferguson
FergJo00,1989,1,Ferguson
FergJo00,1990,1,Ferguson
FerrVi00,1977,0,Ferragamo
FerrVi00,1978,0,Ferragamo
FerrVi00,1979,2,Ferragamo
FerrVi00,1980,2,Ferragamo
FerrVi00,1981,2,Ferragamo
FerrVi00,1982,2,Ferragamo
FerrVi00,1983,3,Ferragamo
FerrVi00,1984,3,Ferragamo
FerrVi00,1985,3,Ferragamo
FerrVi00,1986,3,Ferragamo
FiedJa00,1998,0,Fiedler
FiedJa00,1999,0,Fiedler
FiedJa00,2000,1,Fiedler
FiedJa00,2001,1,Fiedler
FiedJa00,2002,1,Fiedler
FiedJa00,2003,1,Fiedler
FiedJa00,2004,1,Fiedler
FiedJa00,2005,1,Fiedler
FinkJi00,1950,0,Finks
FinkJi00,1951,0,Finks
FinkJi00,1952,0,Finks
FinkJi00,1953,0,Finks
FinkJi00,1954,0,Finks
FinkJi00,1955,0,Finks
FitzRy00,2005,0,Fitzpatrick
FitzRy00,2006,0,Fitzpatrick
FitzRy00,2007,0,Fitzpatrick
FitzRy00,2008,0,Fitzpatrick
FitzRy00,2009,0,Fitzpatrick
FitzRy00,2010,0,Fitzpatrick
FitzRy00,2011,0,Fitzpatrick
FitzRy00,2012,0,Fitzpatrick
FitzRy00,2013,0,Fitzpatrick
FitzRy00,2014,0,Fitzpatrick
FitzRy00,2015,0,Fitzpatrick
FitzRy00,2016,0,Fitzpatrick
FitzRy00,2017,0,Fitzpatrick
FitzRy00,2018,0,Fitzpatrick
FitzRy00,2019,0,Fitzpatrick
FitzRy00,2020,0,Fitzpatrick
FitzRy00,2021,0,Fitzpatrick
FlacJo00,2008,2,Flacco
FlacJo00,2009,3,Flacco
FlacJo00,2010,4,Flacco
FlacJo00,2011,5,Flacco
FlacJo00,2012,9,Flacco
FlacJo00,2013,9,Flacco
FlacJo00,2014,10,Flacco
FlacJo00,2015,10,Flacco
FlacJo00,2016,10,Flacco
FlacJo00,2017,10,Flacco
FlacJo00,2018,10,Flacco
FlacJo00,2019,10,Flacco
FlacJo00,2020,10,Flacco
FlacJo00,2021,10,Flacco
FlutDo00,1986,0,Flutie
FlutDo00,1987,0,Flutie
FlutDo00,1988,0,Flutie
FlutDo00,1989,0,Flutie
FlutDo00,1990,0,Flutie
FlutDo00,1991,0,Flutie
FlutDo00,1992,0,Flutie
FlutDo00,1993,0,Flutie
FlutDo00,1994,0,Flutie
FlutDo00,1995,0,Flutie
FlutDo00,1996,0,Flutie
FlutDo00,1997,0,Flutie
FlutDo00,1998,0,Flutie
FlutDo00,1999,0,Flutie
FlutDo00,2000,0,Flutie
FlutDo00,2001,0,Flutie
FlutDo00,2002,0,Flutie
FlutDo00,2003,0,Flutie
FlutDo00,2004,0,Flutie
FlutDo00,2005,0,Flutie
FoleNi00,2012,0,Foles
FoleNi00,2013,0,Foles
FoleNi00,2014,0,Foles
FoleNi00,2015,0,Foles
FoleNi00,2016,0,Foles
FoleNi00,2017,3,Foles
FoleNi00,2018,4,Foles
FoleNi00,2019,4,Foles
FoleNi00,2020,4,Foles
FoleNi00,2021,4,Foles
FoutDa00,1973,0,Fouts
FoutDa00,1974,0,Fouts
FoutDa00,1975,0,Fouts
FoutDa00,1976,0,Fouts
FoutDa00,1977,0,Fouts
FoutDa00,1978,0,Fouts
FoutDa00,1979,0,Fouts
FoutDa00,1980,1,Fouts
FoutDa00,1981,2,Fouts
FoutDa00,1982,3,Fouts
FoutDa00,1983,3,Fouts
FoutDa00,1984,3,Fouts
FoutDa00,1985,3,Fouts
FoutDa00,1986,3,Fouts
FoutDa00,1987,3,Fouts
FreeJo00,2009,0,Freeman
FreeJo00,2010,0,Freeman
FreeJo00,2011,0,Freeman
FreeJo00,2012,0,Freeman
FreeJo00,2013,0,Freeman
FreeJo00,2014,0,Freeman
FreeJo00,2015,0,Freeman
FrerGu00,1994,0,Frerotte
FrerGu00,1995,0,Frerotte
FrerGu00,1996,0,Frerotte
FrerGu00,1997,0,Frerotte
FrerGu00,1998,0,Frerotte
FrerGu00,1999,0,Frerotte
FrerGu00,2000,0,Frerotte
FrerGu00,2001,0,Frerotte
FrerGu00,2002,0,Frerotte
FrerGu00,2003,0,Frerotte
FrerGu00,2004,0,Frerotte
FrerGu00,2005,0,Frerotte
FrerGu00,2006,0,Frerotte
FrerGu00,2007,0,Frerotte
FrerGu00,2008,0,Frerotte
FrieJo00,1990,0,Friesz
FrieJo00,1991,0,Friesz
FrieJo00,1992,0,Friesz
FrieJo00,1993,0,Friesz
FrieJo00,1994,0,Friesz
FrieJo00,1995,0,Friesz
FrieJo00,1996,0,Friesz
FrieJo00,1997,0,Friesz
FrieJo00,1998,0,Friesz
FrieJo00,1999,0,Friesz
FrieJo00,2000,0,Friesz
FryeCh00,2005,0,Frye
FryeCh00,2006,0,Frye
FryeCh00,2007,0,Frye
FryeCh00,2008,0,Frye
FryeCh00,2009,0,Frye
FullSt00,1979,0,Fuller
FullSt00,1980,0,Fuller
FullSt00,1981,0,Fuller
FullSt00,1982,0,Fuller
FullSt00,1983,0,Fuller
FullSt00,1984,1,Fuller
FullSt00,1985,1,Fuller
FullSt00,1986,1,Fuller
GabbBl00,2011,0,Gabbert
GabbBl00,2012,0,Gabbert
GabbBl00,2013,0,Gabbert
GabbBl00,2014,0,Gabbert
GabbBl00,2015,0,Gabbert
GabbBl00,2016,0,Gabbert
GabbBl00,2017,0,Gabbert
GabbBl00,2018,0,Gabbert
GabbBl00,2019,0,Gabbert
GabbBl00,2020,0,Gabbert
GabbBl00,2021,0,Gabbert
GabrRo00,1962,0,Gabriel
GabrRo00,1963,0,Gabriel
GabrRo00,1964,0,Gabriel
GabrRo00,1965,0,Gabriel
GabrRo00,1966,0,Gabriel
GabrRo00,1967,0,Gabriel
GabrRo00,1968,0,Gabriel
GabrRo00,1969,0,Gabriel
GabrRo00,1970,0,Gabriel
GabrRo00,1971,0,Gabriel
GabrRo00,1972,0,Gabriel
GabrRo00,1973,0,Gabriel
GabrRo00,1974,0,Gabriel
GabrRo00,1975,0,Gabriel
GabrRo00,1976,0,Gabriel
GabrRo00,1977,0,Gabriel
GannRi00,1987,0,Gannon
GannRi00,1988,0,Gannon
GannRi00,1989,0,Gannon
GannRi00,1990,0,Gannon
GannRi00,1991,0,Gannon
GannRi00,1992,0,Gannon
GannRi00,1993,0,Gannon
GannRi00,1994,0,Gannon
GannRi00,1995,0,Gannon
GannRi00,1996,0,Gannon
GannRi00,1997,0,Gannon
GannRi00,1998,0,Gannon
GannRi00,1999,0,Gannon
GannRi00,2000,1,Gannon
GannRi00,2001,2,Gannon
GannRi00,2002,4,Gannon
GannRi00,2003,4,Gannon
GannRi00,2004,4,Gannon
GarcJe00,1999,0,Garcia
GarcJe00,2000,0,Garcia
GarcJe00,2001,0,Garcia
GarcJe00,2002,1,Garcia
GarcJe00,2003,1,Garcia
GarcJe00,2004,1,Garcia
GarcJe00,2005,1,Garcia
GarcJe00,2006,2,Garcia
GarcJe00,2007,2,Garcia
GarcJe00,2008,2,Garcia
GaroJi00,2014,0,Garoppolo
GaroJi00,2015,0,Garoppolo
GaroJi00,2016,0,Garoppolo
GaroJi00,2017,0,Garoppolo
GaroJi00,2018,0,Garoppolo
GaroJi00,2019,2,Garoppolo
GaroJi00,2020,2,Garoppolo
GaroJi00,2021,4,Garoppolo
GarrDa00,2002,0,Garrard
GarrDa00,2003,0,Garrard
GarrDa00,2004,0,Garrard
GarrDa00,2005,0,Garrard
GarrDa00,2006,0,Garrard
GarrDa00,2007,1,Garrard
GarrDa00,2008,1,Garrard
GarrDa00,2009,1,Garrard
GarrDa00,2010,1,Garrard
GeorJe00,1990,0,George
GeorJe00,1991,0,George
GeorJe00,1992,0,George
GeorJe00,1993,0,George
GeorJe00,1994,0,George
GeorJe00,1995,0,George
GeorJe00,1996,0,George
GeorJe00,1997,0,George
GeorJe00,1998,0,George
GeorJe00,1999,1,George
GeorJe00,2000,1,George
GeorJe00,2001,1,George
GlenMi00,2013,0,Glennon
GlenMi00,2014,0,Glennon
GlenMi00,2015,0,Glennon
GlenMi00,2016,0,Glennon
GlenMi00,2017,0,Glennon
GlenMi00,2018,0,Glennon
GlenMi00,2019,0,Glennon
GlenMi00,2020,0,Glennon
GlenMi00,2021,0,Glennon
GoffJa00,2016,0,Goff
GoffJa00,2017,0,Goff
GoffJa00,2018,2,Goff
GoffJa00,2019,2,Goff
GoffJa00,2020,2,Goff
GoffJa00,2021,2,Goff
GradBr00,2006,0,Gradkowski
GradBr00,2007,0,Gradkowski
GradBr00,2008,0,Gradkowski
GradBr00,2009,0,Gradkowski
GradBr00,2010,0,Gradkowski
GradBr00,2011,0,Gradkowski
GradBr00,2012,0,Gradkowski
GrahKe00,1992,0,Graham
GrahKe00,1993,0,Graham
GrahKe00,1994,0,Graham
GrahKe00,1995,0,Graham
GrahKe00,1996,0,Graham
GrahKe00,1997,0,Graham
GrahKe00,1998,0,Graham
GrahKe00,1999,0,Graham
GrahKe00,2000,0,Graham
GrahKe00,2001,0,Graham
GrahOt00,1950,2,Graham
GrahOt00,1951,2,Graham
GrahOt00,1952,2,Graham
GrahOt00,1953,2,Graham
GrahOt00,1954,3,Graham
GrahOt00,1955,4,Graham
GrbaEl00,1994,0,Grbac
GrbaEl00,1995,0,Grbac
GrbaEl00,1996,0,Grbac
GrbaEl00,1997,0,Grbac
GrbaEl00,1998,0,Grbac
GrbaEl00,1999,0,Grbac
GrbaEl00,2000,0,Grbac
GrbaEl00,2001,1,Grbac
GreeTr00,1997,0,Green
GreeTr00,1998,0,Green
GreeTr00,1999,0,Green
GreeTr00,2000,0,Green
GreeTr00,2001,0,Green
GreeTr00,2002,0,Green
GreeTr00,2003,0,Green
GreeTr00,2004,0,Green
GreeTr00,2005,0,Green
GreeTr00,2006,0,Green
GreeTr00,2007,0,Green
GreeTr00,2008,0,Green
GrieBo00,1970,0,Griese
GrieBo00,1971,2,Griese
GrieBo00,1972,3,Griese
GrieBo00,1973,6,Griese
GrieBo00,1974,6,Griese
GrieBo00,1975,6,Griese
GrieBo00,1976,6,Griese
GrieBo00,1977,6,Griese
GrieBo00,1978,6,Griese
GrieBo00,1979,6,Griese
GrieBo00,1980,6,Griese
GrieBr00,1998,0,Griese
GrieBr00,1999,0,Griese
GrieBr00,2000,0,Griese
GrieBr00,2001,0,Griese
GrieBr00,2002,0,Griese
GrieBr00,2003,0,Griese
GrieBr00,2004,0,Griese
GrieBr00,2005,0,Griese
GrieBr00,2006,0,Griese
GrieBr00,2007,0,Griese
GrieBr00,2008,0,Griese
GrifRo01,2012,0,Griffin III
GrifRo01,2013,0,Griffin III
GrifRo01,2014,0,Griffin III
GrifRo01,2015,0,Griffin III
GrifRo01,2016,0,Griffin III
GrifRo01,2017,0,Griffin III
GrifRo01,2018,0,Griffin III
GrifRo01,2019,0,Griffin III
GrifRo01,2020,0,Griffin III
GrogSt00,1975,0,Grogan
GrogSt00,1976,0,Grogan
GrogSt00,1977,0,Grogan
GrogSt00,1978,0,Grogan
GrogSt00,1979,0,Grogan
GrogSt00,1980,0,Grogan
GrogSt00,1981,0,Grogan
GrogSt00,1982,0,Grogan
GrogSt00,1983,0,Grogan
GrogSt00,1984,0,Grogan
GrogSt00,1985,0,Grogan
GrogSt00,1986,0,Grogan
GrogSt00,1987,0,Grogan
GrogSt00,1988,0,Grogan
GrogSt00,1989,0,Grogan
GrogSt00,1990,0,Grogan
GrosRe00,2003,0,Grossman
GrosRe00,2004,0,Grossman
GrosRe00,2005,0,Grossman
GrosRe00,2006,2,Grossman
GrosRe00,2007,2,Grossman
GrosRe00,2008,2,Grossman
GrosRe00,2009,2,Grossman
GrosRe00,2010,2,Grossman
GrosRe00,2011,2,Grossman
GuglRa00,1955,0,Guglielmi
GuglRa00,1956,0,Guglielmi
GuglRa00,1957,0,Guglielmi
GuglRa00,1958,0,Guglielmi
GuglRa00,1959,0,Guglielmi
GuglRa00,1960,0,Guglielmi
GuglRa00,1961,0,Guglielmi
GuglRa00,1962,0,Guglielmi
GuglRa00,1963,0,Guglielmi
HadePa00,1976,1,Haden
HadePa00,1977,1,Haden
HadePa00,1978,2,Haden
HadePa00,1979,2,Haden
HadePa00,1980,2,Haden
HadePa00,1981,2,Haden
HadlJo00,1970,0,Hadl
HadlJo00,1971,0,Hadl
HadlJo00,1972,0,Hadl
HadlJo00,1973,0,Hadl
HadlJo00,1974,0,Hadl
HadlJo00,1975,0,Hadl
HadlJo00,1976,0,Hadl
HadlJo00,1977,0,Hadl
HarbJi00,1987,0,Harbaugh
HarbJi00,1988,0,Harbaugh
HarbJi00,1989,0,Harbaugh
HarbJi00,1990,0,Harbaugh
HarbJi00,1991,0,Harbaugh
HarbJi00,1992,0,Harbaugh
HarbJi00,1993,0,Harbaugh
HarbJi00,1994,0,Harbaugh
HarbJi00,1995,2,Harbaugh
HarbJi00,1996,2,Harbaugh
HarbJi00,1997,2,Harbaugh
HarbJi00,1998,2,Harbaugh
HarbJi00,1999,2,Harbaugh
HarbJi00,2000,2,Harbaugh
HarrJa01,1970,0,Harris
HarrJa01,1971,0,Harris
HarrJa01,1972,0,Harris
HarrJa01,1973,0,Harris
HarrJa01,1974,1,Harris
HarrJa01,1975,1,Harris
HarrJa01,1976,1,Harris
HarrJa01,1977,1,Harris
HarrJa01,1978,1,Harris
HarrJa01,1979,1,Harris
HarrJo00,2002,0,Harrington
HarrJo00,2003,0,Harrington
HarrJo00,2004,0,Harrington
HarrJo00,2005,0,Harrington
HarrJo00,2006,0,Harrington
HarrJo00,2007,0,Harrington
HartJi00,1966,0,Hart
HartJi00,1967,0,Hart
HartJi00,1968,0,Hart
HartJi00,1969,0,Hart
HartJi00,1970,0,Hart
HartJi00,1971,0,Hart
HartJi00,1972,0,Hart
HartJi00,1973,0,Hart
HartJi00,1974,0,Hart
HartJi00,1975,0,Hart
HartJi00,1976,0,Hart
HartJi00,1977,0,Hart
HartJi00,1978,0,Hart
HartJi00,1979,0,Hart
HartJi00,1980,0,Hart
HartJi00,1981,0,Hart
HartJi00,1982,0,Hart
HartJi00,1983,0,Hart
HartJi00,1984,0,Hart
HassMa00,1999,0,Hasselbeck
HassMa00,2000,0,Hasselbeck
HassMa00,2001,0,Hasselbeck
HassMa00,2002,0,Hasselbeck
HassMa00,2003,0,Hasselbeck
HassMa00,2004,0,Hasselbeck
HassMa00,2005,2,Hasselbeck
HassMa00,2006,3,Hasselbeck
HassMa00,2007,4,Hasselbeck
HassMa00,2008,4,Hasselbeck
HassMa00,2009,4,Hasselbeck
HassMa00,2010,5,Hasselbeck
HassMa00,2011,5,Hasselbeck
HassMa00,2012,5,Hasselbeck
HassMa00,2013,5,Hasselbeck
HassMa00,2014,5,Hasselbeck
HassMa00,2015,5,Hasselbeck
HebeBo00,1985,0,Hebert
HebeBo00,1986,0,Hebert
HebeBo00,1987,0,Hebert
HebeBo00,1988,0,Hebert
HebeBo00,1989,0,Hebert
HebeBo00,1990,0,Hebert
HebeBo00,1991,0,Hebert
HebeBo00,1992,0,Hebert
HebeBo00,1993,0,Hebert
HebeBo00,1994,0,Hebert
HebeBo00,1995,0,Hebert
HebeBo00,1996,0,Hebert
HeinTa00,2017,0,Heinicke
HeinTa00,2018,0,Heinicke
HeinTa00,2019,0,Heinicke
HeinTa00,2020,0,Heinicke
HeinTa00,2021,0,Heinicke
HennCh01,2008,0,Henne
HennCh01,2009,0,Henne
HennCh01,2010,0,Henne
HennCh01,2011,0,Henne
HennCh01,2012,0,Henne
HennCh01,2013,0,Henne
HennCh01,2014,0,Henne
HennCh01,2015,0,Henne
HennCh01,2016,0,Henne
HennCh01,2017,0,Henne
HennCh01,2018,0,Henne
HennCh01,2019,0,Henne
HennCh01,2020,0,Henne
HennCh01,2021,0,Henne
HerbJu00,2020,0,Herbert
HerbJu00,2021,0,Herbert
HerrMa00,1982,0,Herrmann
HerrMa00,1983,0,Herrmann
HerrMa00,1984,0,Herrmann
HerrMa00,1985,0,Herrmann
HerrMa00,1986,0,Herrmann
HerrMa00,1987,0,Herrmann
HerrMa00,1988,0,Herrmann
HerrMa00,1989,0,Herrmann
HerrMa00,1990,0,Herrmann
HerrMa00,1991,0,Herrmann
HerrMa00,1992,0,Herrmann
HillKi00,1958,0,Hill
HillKi00,1959,0,Hill
HillKi00,1960,0,Hill
HillKi00,1961,0,Hill
HillKi00,1962,0,Hill
HillKi00,1963,0,Hill
HillKi00,1964,0,Hill
HillKi00,1965,0,Hill
HillKi00,1966,0,Hill
HillKi00,1967,0,Hill
HillKi00,1968,0,Hill
HillKi00,1969,0,Hill
HillSh00,2007,0,Hill
HillSh00,2008,0,Hill
HillSh00,2009,0,Hill
HillSh00,2010,0,Hill
HillSh00,2011,0,Hill
HillSh00,2012,0,Hill
HillSh00,2013,0,Hill
HillSh00,2014,0,Hill
HillSh00,2015,0,Hill
HillSh00,2016,0,Hill
HippEr00,1981,0,Hipple
HippEr00,1982,0,Hipple
HippEr00,1983,0,Hipple
HippEr00,1984,0,Hipple
HippEr00,1985,0,Hipple
HippEr00,1986,0,Hipple
HippEr00,1987,0,Hipple
HippEr00,1988,0,Hipple
HippEr00,1989,0,Hipple
HobeBi00,1995,0,Joe Hobert
HobeBi00,1996,0,Joe Hobert
HobeBi00,1997,0,Joe Hobert
HobeBi00,1998,0,Joe Hobert
HobeBi00,1999,0,Joe Hobert
HogeGa00,1982,0,Hogeboom
HogeGa00,1983,0,Hogeboom
HogeGa00,1984,0,Hogeboom
HogeGa00,1985,0,Hogeboom
HogeGa00,1986,0,Hogeboom
HogeGa00,1987,0,Hogeboom
HogeGa00,1988,0,Hogeboom
HogeGa00,1989,0,Hogeboom
HolcKe00,1997,0,Holcomb
HolcKe00,1998,0,Holcomb
HolcKe00,1999,0,Holcomb
HolcKe00,2000,0,Holcomb
HolcKe00,2001,0,Holcomb
HolcKe00,2002,0,Holcomb
HolcKe00,2003,0,Holcomb
HolcKe00,2004,0,Holcomb
HolcKe00,2005,0,Holcomb
HolcKe00,2006,0,Holcomb
HolcKe00,2007,0,Holcomb
HostJe00,1988,0,Hostetler
HostJe00,1989,0,Hostetler
HostJe00,1990,3,Hostetler
HostJe00,1991,3,Hostetler
HostJe00,1992,3,Hostetler
HostJe00,1993,4,Hostetler
HostJe00,1994,4,Hostetler
HostJe00,1995,4,Hostetler
HostJe00,1996,4,Hostetler
HostJe00,1997,4,Hostetler
HoyeBr00,2009,0,Hoyer
HoyeBr00,2010,0,Hoyer
HoyeBr00,2011,0,Hoyer
HoyeBr00,2012,0,Hoyer
HoyeBr00,2013,0,Hoyer
HoyeBr00,2014,0,Hoyer
HoyeBr00,2015,0,Hoyer
HoyeBr00,2016,0,Hoyer
HoyeBr00,2017,0,Hoyer
HoyeBr00,2018,0,Hoyer
HoyeBr00,2019,0,Hoyer
HoyeBr00,2020,0,Hoyer
HoyeBr00,2021,0,Hoyer
HuarDa00,1998,0,Huard
HuarDa00,1999,0,Huard
HuarDa00,2000,0,Huard
HuarDa00,2001,0,Huard
HuarDa00,2002,0,Huard
HuarDa00,2003,0,Huard
HuarDa00,2004,0,Huard
HuarDa00,2005,0,Huard
HuarDa00,2006,0,Huard
HuarDa00,2007,0,Huard
HuarDa00,2008,0,Huard
HuffGa00,1973,0,Huff
HuffGa00,1974,0,Huff
HuffGa00,1975,0,Huff
HuffGa00,1976,0,Huff
HuffGa00,1977,0,Huff
HuffGa00,1978,0,Huff
HumpSt00,1989,0,Humphries
HumpSt00,1990,0,Humphries
HumpSt00,1991,0,Humphries
HumpSt00,1992,1,Humphries
HumpSt00,1993,1,Humphries
HumpSt00,1994,3,Humphries
HumpSt00,1995,3,Humphries
HumpSt00,1996,3,Humphries
HumpSt00,1997,3,Humphries
HuntSc00,1971,0,Hunter
HuntSc00,1972,0,Hunter
HuntSc00,1973,0,Hunter
HuntSc00,1974,0,Hunter
HuntSc00,1975,0,Hunter
HuntSc00,1976,0,Hunter
HuntSc00,1977,0,Hunter
HuntSc00,1978,0,Hunter
HuntSc00,1979,0,Hunter
HurtJa00,2020,0,Hurts
HurtJa00,2021,0,Hurts
JackLa00,2018,0,Jackson
JackLa00,2019,0,Jackson
JackLa00,2020,1,Jackson
JackLa00,2021,1,Jackson
JackTa00,2006,0,Jackson
JackTa00,2007,0,Jackson
JackTa00,2008,0,Jackson
JackTa00,2009,0,Jackson
JackTa00,2010,0,Jackson
JackTa00,2011,0,Jackson
JackTa00,2012,0,Jackson
JackTa00,2013,0,Jackson
JackTa00,2014,0,Jackson
JackTa00,2015,0,Jackson
JawoRo00,1974,0,Jaworski
JawoRo00,1975,1,Jaworski
JawoRo00,1976,1,Jaworski
JawoRo00,1977,1,Jaworski
JawoRo00,1978,1,Jaworski
JawoRo00,1979,2,Jaworski
JawoRo00,1980,4,Jaworski
JawoRo00,1981,4,Jaworski
JawoRo00,1982,4,Jaworski
JawoRo00,1983,4,Jaworski
JawoRo00,1984,4,Jaworski
JawoRo00,1985,4,Jaworski
JawoRo00,1986,4,Jaworski
JawoRo00,1987,4,Jaworski
JawoRo00,1988,4,Jaworski
JawoRo00,1989,4,Jaworski
JohnBr00,1994,0,Johnson
JohnBr00,1995,0,Johnson
JohnBr00,1996,0,Johnson
JohnBr00,1997,0,Johnson
JohnBr00,1998,0,Johnson
JohnBr00,1999,1,Johnson
JohnBr00,2000,1,Johnson
JohnBr00,2001,1,Johnson
JohnBr00,2002,4,Johnson
JohnBr00,2003,4,Johnson
JohnBr00,2004,4,Johnson
JohnBr00,2005,4,Johnson
JohnBr00,2006,4,Johnson
JohnBr00,2007,4,Johnson
JohnBr00,2008,4,Johnson
JohnCh02,1961,0,Johnson
JohnCh02,1962,0,Johnson
JohnCh02,1963,0,Johnson
JohnCh02,1964,0,Johnson
JohnCh02,1965,0,Johnson
JohnCh02,1966,0,Johnson
JohnCh02,1967,0,Johnson
JohnCh02,1968,0,Johnson
JohnCh02,1969,0,Johnson
JohnCh02,1970,0,Johnson
JohnCh02,1971,0,Johnson
JohnCh02,1972,0,Johnson
JohnCh02,1973,0,Johnson
JohnCh02,1974,0,Johnson
JohnCh02,1975,0,Johnson
JohnRa00,1966,0,Johnson
JohnRa00,1967,0,Johnson
JohnRa00,1968,0,Johnson
JohnRa00,1969,0,Johnson
JohnRa00,1970,0,Johnson
JohnRa00,1971,0,Johnson
JohnRa00,1972,0,Johnson
JohnRa00,1973,0,Johnson
JohnRa00,1974,0,Johnson
JohnRa00,1975,0,Johnson
JohnRa00,1976,0,Johnson
JohnRo00,1995,0,Johnson
JohnRo00,1996,0,Johnson
JohnRo00,1997,0,Johnson
JohnRo00,1998,0,Johnson
JohnRo00,1999,0,Johnson
JohnRo00,2000,0,Johnson
JohnRo00,2001,0,Johnson
JohnRo00,2002,0,Johnson
JohnRo00,2003,0,Johnson
JoneBe00,1973,0,Jones
JoneBe00,1974,0,Jones
JoneBe00,1975,0,Jones
JoneBe00,1976,0,Jones
JoneBe00,1977,0,Jones
JoneBe00,1978,0,Jones
JoneBe00,1979,0,Jones
JoneBe00,1980,0,Jones
JoneBe00,1981,0,Jones
JoneBe00,1982,0,Jones
JoneDa05,2019,0,Jones
JoneDa05,2020,0,Jones
JoneDa05,2021,0,Jones
JurgSo00,1957,0,Jurgensen
JurgSo00,1958,0,Jurgensen
JurgSo00,1959,0,Jurgensen
JurgSo00,1960,0,Jurgensen
JurgSo00,1961,0,Jurgensen
JurgSo00,1962,0,Jurgensen
JurgSo00,1963,0,Jurgensen
JurgSo00,1964,0,Jurgensen
JurgSo00,1965,0,Jurgensen
JurgSo00,1966,0,Jurgensen
JurgSo00,1967,0,Jurgensen
JurgSo00,1968,0,Jurgensen
JurgSo00,1969,0,Jurgensen
JurgSo00,1970,0,Jurgensen
JurgSo00,1971,0,Jurgensen
JurgSo00,1972,0,Jurgensen
JurgSo00,1973,0,Jurgensen
JurgSo00,1974,0,Jurgensen
KaepCo00,2011,0,Kaepernick
KaepCo00,2012,2,Kaepernick
KaepCo00,2013,4,Kaepernick
KaepCo00,2014,4,Kaepernick
KaepCo00,2015,4,Kaepernick
KaepCo00,2016,4,Kaepernick
KaneDa00,1996,0,Kanell
KaneDa00,1997,0,Kanell
KaneDa00,1998,0,Kanell
KaneDa00,1999,0,Kanell
KaneDa00,2000,0,Kanell
KaneDa00,2001,0,Kanell
KaneDa00,2002,0,Kanell
KaneDa00,2003,0,Kanell
KappJo00,1967,0,Kapp
KappJo00,1968,0,Kapp
KappJo00,1969,2,Kapp
KappJo00,1970,2,Kapp
KeenCa00,2013,0,Keenum
KeenCa00,2014,0,Keenum
KeenCa00,2015,0,Keenum
KeenCa00,2016,0,Keenum
KeenCa00,2017,1,Keenum
KeenCa00,2018,1,Keenum
KeenCa00,2019,1,Keenum
KeenCa00,2020,1,Keenum
KeenCa00,2021,1,Keenum
KellJi00,1986,0,Kelly
KellJi00,1987,0,Kelly
KellJi00,1988,1,Kelly
KellJi00,1989,1,Kelly
KellJi00,1990,3,Kelly
KellJi00,1991,5,Kelly
KellJi00,1992,6,Kelly
KellJi00,1993,8,Kelly
KellJi00,1994,8,Kelly
KellJi00,1995,9,Kelly
KellJi00,1996,9,Kelly
KempJe00,1981,0,Kemp
KempJe00,1982,0,Kemp
KempJe00,1983,0,Kemp
KempJe00,1984,0,Kemp
KempJe00,1985,0,Kemp
KempJe00,1986,0,Kemp
KempJe00,1987,0,Kemp
KempJe00,1988,0,Kemp
KempJe00,1989,0,Kemp
KempJe00,1990,0,Kemp
KempJe00,1991,0,Kemp
KennBi00,1980,0,Kenney
KennBi00,1981,0,Kenney
KennBi00,1982,0,Kenney
KennBi00,1983,0,Kenney
KennBi00,1984,0,Kenney
KennBi00,1985,0,Kenney
KennBi00,1986,0,Kenney
KennBi00,1987,0,Kenney
KennBi00,1988,0,Kenney
KilmBi00,1961,0,Kilmer
KilmBi00,1962,0,Kilmer
KilmBi00,1963,0,Kilmer
KilmBi00,1964,0,Kilmer
KilmBi00,1965,0,Kilmer
KilmBi00,1966,0,Kilmer
KilmBi00,1967,0,Kilmer
KilmBi00,1968,0,Kilmer
KilmBi00,1969,0,Kilmer
KilmBi00,1970,0,Kilmer
KilmBi00,1971,0,Kilmer
KilmBi00,1972,2,Kilmer
KilmBi00,1973,2,Kilmer
KilmBi00,1974,2,Kilmer
KilmBi00,1975,2,Kilmer
KilmBi00,1976,2,Kilmer
KilmBi00,1977,2,Kilmer
KilmBi00,1978,2,Kilmer
KingSh00,1999,1,King
KingSh00,2000,1,King
KingSh00,2001,1,King
KingSh00,2002,1,King
KingSh00,2003,1,King
KingSh00,2004,1,King
KitnJo00,1997,0,Kitna
KitnJo00,1998,0,Kitna
KitnJo00,1999,0,Kitna
KitnJo00,2000,0,Kitna
KitnJo00,2001,0,Kitna
KitnJo00,2002,0,Kitna
KitnJo00,2003,0,Kitna
KitnJo00,2004,0,Kitna
KitnJo00,2005,0,Kitna
KitnJo00,2006,0,Kitna
KitnJo00,2007,0,Kitna
KitnJo00,2008,0,Kitna
KitnJo00,2009,0,Kitna
KitnJo00,2010,0,Kitna
KitnJo00,2011,0,Kitna
KizeDe00,2017,0,Kizer
KizeDe00,2018,0,Kizer
KlinDa00,1992,0,Klingler
KlinDa00,1993,0,Klingler
KlinDa00,1994,0,Klingler
KlinDa00,1995,0,Klingler
KlinDa00,1996,0,Klingler
KlinDa00,1997,0,Klingler
KolbKe00,2008,0,Kolb
KolbKe00,2009,0,Kolb
KolbKe00,2010,0,Kolb
KolbKe00,2011,0,Kolb
KolbKe00,2012,0,Kolb
KosaBe00,1985,0,Kosar
KosaBe00,1986,1,Kosar
KosaBe00,1987,2,Kosar
KosaBe00,1988,2,Kosar
KosaBe00,1989,3,Kosar
KosaBe00,1990,3,Kosar
KosaBe00,1991,3,Kosar
KosaBe00,1992,3,Kosar
KosaBe00,1993,3,Kosar
KosaBe00,1994,3,Kosar
KosaBe00,1995,3,Kosar
KosaBe00,1996,3,Kosar
KramEr00,1987,0,Kramer
KramEr00,1988,0,Kramer
KramEr00,1989,0,Kramer
KramEr00,1990,0,Kramer
KramEr00,1991,1,Kramer
KramEr00,1992,1,Kramer
KramEr00,1993,1,Kramer
KramEr00,1994,1,Kramer
KramEr00,1995,1,Kramer
KramEr00,1996,1,Kramer
KramEr00,1997,1,Kramer
KramEr00,1998,1,Kramer
KramEr00,1999,1,Kramer
KramTo00,1977,0,Kramer
KramTo00,1978,0,Kramer
KramTo00,1979,0,Kramer
KramTo00,1980,0,Kramer
KramTo00,1981,0,Kramer
KramTo00,1982,1,Kramer
KramTo00,1983,1,Kramer
KramTo00,1984,1,Kramer
KramTo00,1985,1,Kramer
KramTo00,1986,1,Kramer
KramTo00,1987,2,Kramer
KramTo00,1988,2,Kramer
KramTo00,1989,2,Kramer
KramTo00,1990,2,Kramer
KrieDa00,1980,0,Krieg
KrieDa00,1981,0,Krieg
KrieDa00,1982,0,Krieg
KrieDa00,1983,2,Krieg
KrieDa00,1984,3,Krieg
KrieDa00,1985,3,Krieg
KrieDa00,1986,3,Krieg
KrieDa00,1987,3,Krieg
KrieDa00,1988,3,Krieg
KrieDa00,1989,3,Krieg
KrieDa00,1990,3,Krieg
KrieDa00,1991,3,Krieg
KrieDa00,1992,3,Krieg
KrieDa00,1993,3,Krieg
KrieDa00,1994,3,Krieg
KrieDa00,1995,3,Krieg
KrieDa00,1996,3,Krieg
KrieDa00,1997,3,Krieg
KrieDa00,1998,3,Krieg
LamoDa00,1970,1,Lamonica
LamoDa00,1971,1,Lamonica
LamoDa00,1972,1,Lamonica
LamoDa00,1973,1,Lamonica
LamoDa00,1974,1,Lamonica
LandGr00,1968,0,Landry
LandGr00,1969,0,Landry
LandGr00,1970,0,Landry
LandGr00,1971,0,Landry
LandGr00,1972,0,Landry
LandGr00,1973,0,Landry
LandGr00,1974,0,Landry
LandGr00,1975,0,Landry
LandGr00,1976,0,Landry
LandGr00,1977,0,Landry
LandGr00,1978,0,Landry
LandGr00,1979,0,Landry
LandGr00,1980,0,Landry
LandGr00,1981,0,Landry
LandGr00,1982,0,Landry
LandGr00,1983,0,Landry
LandGr00,1984,0,Landry
LaynBo00,1950,0,Layne
LaynBo00,1951,0,Layne
LaynBo00,1952,2,Layne
LaynBo00,1953,3,Layne
LaynBo00,1954,3,Layne
LaynBo00,1955,3,Layne
LaynBo00,1956,3,Layne
LaynBo00,1957,3,Layne
LaynBo00,1958,3,Layne
LaynBo00,1959,3,Layne
LaynBo00,1960,3,Layne
LaynBo00,1961,3,Layne
LaynBo00,1962,3,Layne
LeafRy00,1998,0,Leaf
LeafRy00,1999,0,Leaf
LeafRy00,2000,0,Leaf
LeafRy00,2001,0,Leaf
LeBaEd00,1952,0,LeBaron
LeBaEd00,1953,0,LeBaron
LeBaEd00,1954,0,LeBaron
LeBaEd00,1955,0,LeBaron
LeBaEd00,1956,0,LeBaron
LeBaEd00,1957,0,LeBaron
LeBaEd00,1958,0,LeBaron
LeBaEd00,1959,0,LeBaron
LeBaEd00,1960,0,LeBaron
LeBaEd00,1961,0,LeBaron
LeBaEd00,1962,0,LeBaron
LeBaEd00,1963,0,LeBaron
LeexBo00,1969,0,Lee
LeexBo00,1970,0,Lee
LeexBo00,1971,0,Lee
LeexBo00,1972,0,Lee
LeexBo00,1973,0,Lee
LeexBo00,1974,0,Lee
LeexBo00,1975,0,Lee
LeexBo00,1976,0,Lee
LeexBo00,1977,1,Lee
LeexBo00,1978,1,Lee
LeexBo00,1979,1,Lee
LeftBy00,2003,0,Leftwich
LeftBy00,2004,0,Leftwich
LeftBy00,2005,0,Leftwich
LeftBy00,2006,0,Leftwich
LeftBy00,2007,0,Leftwich
LeftBy00,2008,0,Leftwich
LeftBy00,2009,0,Leftwich
LeftBy00,2010,0,Leftwich
LeftBy00,2011,0,Leftwich
LeftBy00,2012,0,Leftwich
LeinMa00,2006,0,Leinart
LeinMa00,2007,0,Leinart
LeinMa00,2008,0,Leinart
LeinMa00,2009,0,Leinart
LeinMa00,2010,0,Leinart
LeinMa00,2011,0,Leinart
LeinMa00,2012,0,Leinart
LiskPe00,1970,0,Liske
LiskPe00,1971,0,Liske
LiskPe00,1972,0,Liske
LiviMi00,1970,0,Livingston
LiviMi00,1971,0,Livingston
LiviMi00,1972,0,Livingston
LiviMi00,1973,0,Livingston
LiviMi00,1974,0,Livingston
LiviMi00,1975,0,Livingston
LiviMi00,1976,0,Livingston
LiviMi00,1977,0,Livingston
LiviMi00,1978,0,Livingston
LiviMi00,1979,0,Livingston
LockDr00,2019,0,Lock
LockDr00,2020,0,Lock
LockDr00,2021,0,Lock
LockJa00,2011,0,Locker
LockJa00,2012,0,Locker
LockJa00,2013,0,Locker
LockJa00,2014,0,Locker
LomaNe00,1981,0,Lomax
LomaNe00,1982,0,Lomax
LomaNe00,1983,0,Lomax
LomaNe00,1984,0,Lomax
LomaNe00,1985,0,Lomax
LomaNe00,1986,0,Lomax
LomaNe00,1987,0,Lomax
LomaNe00,1988,0,Lomax
LongCh00,1986,0,Long
LongCh00,1987,0,Long
LongCh00,1988,0,Long
LongCh00,1989,0,Long
LongCh00,1990,0,Long
LosmJ.00,2004,0,Losman
LosmJ.00,2005,0,Losman
LosmJ.00,2006,0,Losman
LosmJ.00,2007,0,Losman
LosmJ.00,2008,0,Losman
LosmJ.00,2009,0,Losman
LosmJ.00,2010,0,Losman
LosmJ.00,2011,0,Losman
LuckAn00,2012,0,Luck
LuckAn00,2013,1,Luck
LuckAn00,2014,3,Luck
LuckAn00,2015,3,Luck
LuckAn00,2016,3,Luck
LuckAn00,2017,3,Luck
LuckAn00,2018,4,Luck
MaddTo00,1992,0,Maddox
MaddTo00,1993,0,Maddox
MaddTo00,1994,0,Maddox
MaddTo00,1995,0,Maddox
MaddTo00,1996,0,Maddox
MaddTo00,1997,0,Maddox
MaddTo00,1998,0,Maddox
MaddTo00,1999,0,Maddox
MaddTo00,2000,0,Maddox
MaddTo00,2001,0,Maddox
MaddTo00,2002,1,Maddox
MaddTo00,2003,1,Maddox
MaddTo00,2004,1,Maddox
MaddTo00,2005,1,Maddox
MahoPa00,2017,0,Mahomes
MahoPa00,2018,1,Mahomes
MahoPa00,2019,4,Mahomes
MahoPa00,2020,6,Mahomes
MahoPa00,2021,8,Mahomes
MajkDo00,1987,0,Majkowski
MajkDo00,1988,0,Majkowski
MajkDo00,1989,0,Majkowski
MajkDo00,1990,0,Majkowski
MajkDo00,1991,0,Majkowski
MajkDo00,1992,0,Majkowski
MajkDo00,1993,0,Majkowski
MajkDo00,1994,0,Majkowski
MajkDo00,1995,0,Majkowski
MajkDo00,1996,0,Majkowski
MaloMa00,1981,0,Malone
MaloMa00,1982,0,Malone
MaloMa00,1983,0,Malone
MaloMa00,1984,1,Malone
MaloMa00,1985,1,Malone
MaloMa00,1986,1,Malone
MaloMa00,1987,1,Malone
MaloMa00,1988,1,Malone
MaloMa00,1989,1,Malone
MannAr00,1971,0,Manning
MannAr00,1972,0,Manning
MannAr00,1973,0,Manning
MannAr00,1974,0,Manning
MannAr00,1975,0,Manning
MannAr00,1976,0,Manning
MannAr00,1977,0,Manning
MannAr00,1978,0,Manning
MannAr00,1979,0,Manning
MannAr00,1980,0,Manning
MannAr00,1981,0,Manning
MannAr00,1982,0,Manning
MannAr00,1983,0,Manning
MannAr00,1984,0,Manning
MannEl00,2004,0,Manning
MannEl00,2005,0,Manning
MannEl00,2006,0,Manning
MannEl00,2007,4,Manning
MannEl00,2008,4,Manning
MannEl00,2009,4,Manning
MannEl00,2010,4,Manning
MannEl00,2011,8,Manning
MannEl00,2012,8,Manning
MannEl00,2013,8,Manning
MannEl00,2014,8,Manning
MannEl00,2015,8,Manning
MannEl00,2016,8,Manning
MannEl00,2017,8,Manning
MannEl00,2018,8,Manning
MannEl00,2019,8,Manning
MannPe00,1998,0,Manning
MannPe00,1999,0,Manning
MannPe00,2000,0,Manning
MannPe00,2001,0,Manning
MannPe00,2002,0,Manning
MannPe00,2003,2,Manning
MannPe00,2004,3,Manning
MannPe00,2005,3,Manning
MannPe00,2006,7,Manning
MannPe00,2007,7,Manning
MannPe00,2008,7,Manning
MannPe00,2009,9,Manning
MannPe00,2010,9,Manning
MannPe00,2011,9,Manning
MannPe00,2012,9,Manning
MannPe00,2013,11,Manning
MannPe00,2014,11,Manning
MannPe00,2015,14,Manning
ManuEJ00,2013,0,Manuel
ManuEJ00,2014,0,Manuel
ManuEJ00,2015,0,Manuel
ManuEJ00,2016,0,Manuel
ManuEJ00,2017,0,Manuel
MariDa00,1983,0,Marino
MariDa00,1984,2,Marino
MariDa00,1985,3,Marino
MariDa00,1986,3,Marino
MariDa00,1987,3,Marino
MariDa00,1988,3,Marino
MariDa00,1989,3,Marino
MariDa00,1990,4,Marino
MariDa00,1991,4,Marino
MariDa00,1992,5,Marino
MariDa00,1993,5,Marino
MariDa00,1994,6,Marino
MariDa00,1995,6,Marino
MariDa00,1996,6,Marino
MariDa00,1997,6,Marino
MariDa00,1998,7,Marino
MariDa00,1999,8,Marino
MariMa01,2015,0,Mariota
MariMa01,2016,0,Mariota
MariMa01,2017,1,Mariota
MariMa01,2018,1,Mariota
MariMa01,2019,1,Mariota
MariMa01,2020,1,Mariota
MariMa01,2021,1,Mariota
MartJa00,1996,0,Martin
MartJa00,1997,0,Martin
MartJa00,1998,0,Martin
MartJa00,1999,0,Martin
MartJa00,2000,0,Martin
MartJa00,2001,0,Martin
MartJa00,2002,0,Martin
MartJa00,2003,0,Martin
MartJa00,2004,0,Martin
MartJa00,2005,0,Martin
MartJa00,2006,0,Martin
MattSh00,1996,0,Matthews
MattSh00,1997,0,Matthews
MattSh00,1998,0,Matthews
MattSh00,1999,0,Matthews
MattSh00,2000,0,Matthews
MattSh00,2001,0,Matthews
MattSh00,2002,0,Matthews
MattSh00,2003,0,Matthews
MattSh00,2004,0,Matthews
MayfBa00,2018,0,Mayfield
MayfBa00,2019,0,Mayfield
MayfBa00,2020,1,Mayfield
MayfBa00,2021,1,Mayfield
McCoCo00,2010,0,McCoy
McCoCo00,2011,0,McCoy
McCoCo00,2012,0,McCoy
McCoCo00,2013,0,McCoy
McCoCo00,2014,0,McCoy
McCoCo00,2015,0,McCoy
McCoCo00,2016,0,McCoy
McCoCo00,2017,0,McCoy
McCoCo00,2018,0,McCoy
McCoCo00,2019,0,McCoy
McCoCo00,2020,0,McCoy
McCoCo00,2021,0,McCoy
McCoJo01,2002,0,McCown
McCoJo01,2003,0,McCown
McCoJo01,2004,0,McCown
McCoJo01,2005,0,McCown
McCoJo01,2006,0,McCown
McCoJo01,2007,0,McCown
McCoJo01,2008,0,McCown
McCoJo01,2009,0,McCown
McCoJo01,2010,0,McCown
McCoJo01,2011,0,McCown
McCoJo01,2012,0,McCown
McCoJo01,2013,0,McCown
McCoJo01,2014,0,McCown
McCoJo01,2015,0,McCown
McCoJo01,2016,0,McCown
McCoJo01,2017,0,McCown
McCoJo01,2018,0,McCown
McCoJo01,2019,0,McCown
McDoPa00,1981,0,McDonald
McDoPa00,1982,0,McDonald
McDoPa00,1983,0,McDonald
McDoPa00,1984,0,McDonald
McHaLa00,1954,0,McHan
McHaLa00,1955,0,McHan
McHaLa00,1956,0,McHan
McHaLa00,1957,0,McHan
McHaLa00,1958,0,McHan
McHaLa00,1959,0,McHan
McHaLa00,1960,0,McHan
McHaLa00,1961,0,McHan
McHaLa00,1962,0,McHan
McHaLa00,1963,0,McHan
McMaJi00,1982,0,McMahon
McMaJi00,1983,0,McMahon
McMaJi00,1984,0,McMahon
McMaJi00,1985,3,McMahon
McMaJi00,1986,3,McMahon
McMaJi00,1987,3,McMahon
McMaJi00,1988,3,McMahon
McMaJi00,1989,3,McMahon
McMaJi00,1990,3,McMahon
McMaJi00,1991,3,McMahon
McMaJi00,1992,3,McMahon
McMaJi00,1993,3,McMahon
McMaJi00,1994,3,McMahon
McMaJi00,1995,3,McMahon
McMaJi00,1996,3,McMahon
McMaMi00,2001,0,McMahon
McMaMi00,2002,0,McMahon
McMaMi00,2003,0,McMahon
McMaMi00,2004,0,McMahon
McMaMi00,2005,0,McMahon
McNaDo00,1999,0,McNabb
McNaDo00,2000,1,McNabb
McNaDo00,2001,3,McNabb
McNaDo00,2002,4,McNabb
McNaDo00,2003,5,McNabb
McNaDo00,2004,7,McNabb
McNaDo00,2005,7,McNabb
McNaDo00,2006,7,McNabb
McNaDo00,2007,7,McNabb
McNaDo00,2008,9,McNabb
McNaDo00,2009,9,McNabb
McNaDo00,2010,9,McNabb
McNaDo00,2011,9,McNabb
McNaSt00,1995,0,McNair
McNaSt00,1996,0,McNair
McNaSt00,1997,0,McNair
McNaSt00,1998,0,McNair
McNaSt00,1999,3,McNair
McNaSt00,2000,3,McNair
McNaSt00,2001,3,McNair
McNaSt00,2002,4,McNair
McNaSt00,2003,5,McNair
McNaSt00,2004,5,McNair
McNaSt00,2005,5,McNair
McNaSt00,2006,5,McNair
McNaSt00,2007,5,McNair
McNoCa00,1999,0,McNown
McNoCa00,2000,0,McNown
MereDo00,1960,0,Meredith
MereDo00,1961,0,Meredith
MereDo00,1962,0,Meredith
MereDo00,1963,0,Meredith
MereDo00,1964,0,Meredith
MereDo00,1965,0,Meredith
MereDo00,1966,0,Meredith
MereDo00,1967,1,Meredith
MereDo00,1968,1,Meredith
MillCh00,1987,0,Miller
MillCh00,1988,0,Miller
MillCh00,1989,0,Miller
MillCh00,1990,0,Miller
MillCh00,1991,1,Miller
MillCh00,1992,1,Miller
MillCh00,1993,1,Miller
MillCh00,1994,1,Miller
MillCh00,1995,1,Miller
MillCh00,1996,1,Miller
MillCh00,1997,1,Miller
MillCh00,1998,1,Miller
MillCh00,1999,1,Miller
MillHu00,1987,0,Millen
MillHu00,1988,0,Millen
MillHu00,1989,0,Millen
MillHu00,1990,0,Millen
MillHu00,1991,0,Millen
MillHu00,1992,0,Millen
MillHu00,1993,0,Millen
MillHu00,1994,0,Millen
MillHu00,1995,0,Millen
MillJi00,1995,0,Miller
MillJi00,1996,0,Miller
MillJi00,1997,0,Miller
MillJi00,1998,0,Miller
MillJi00,1999,0,Miller
MillJi00,2000,0,Miller
MillJi00,2001,0,Miller
MillJi00,2002,0,Miller
MinsGa00,2019,0,Minshew II
MinsGa00,2020,0,Minshew II
MinsGa00,2021,0,Minshew II
MireRi00,1993,0,Mirer
MireRi00,1994,0,Mirer
MireRi00,1995,0,Mirer
MireRi00,1996,0,Mirer
MireRi00,1997,0,Mirer
MireRi00,1998,0,Mirer
MireRi00,1999,0,Mirer
MireRi00,2000,0,Mirer
MireRi00,2001,0,Mirer
MireRi00,2002,0,Mirer
MireRi00,2003,0,Mirer
MitcSc00,1992,0,Mitchell
MitcSc00,1993,0,Mitchell
MitcSc00,1994,0,Mitchell
MitcSc00,1995,0,Mitchell
MitcSc00,1996,0,Mitchell
MitcSc00,1997,0,Mitchell
MitcSc00,1998,0,Mitchell
MitcSc00,1999,0,Mitchell
MitcSc00,2000,0,Mitchell
MitcSc00,2001,0,Mitchell
MontJo01,1979,0,Montana
MontJo01,1980,0,Montana
MontJo01,1981,3,Montana
MontJo01,1982,3,Montana
MontJo01,1983,4,Montana
MontJo01,1984,7,Montana
MontJo01,1985,7,Montana
MontJo01,1986,7,Montana
MontJo01,1987,7,Montana
MontJo01,1988,10,Montana
MontJo01,1989,13,Montana
MontJo01,1990,14,Montana
MontJo01,1991,14,Montana
MontJo01,1992,14,Montana
MontJo01,1993,16,Montana
MontJo01,1994,16,Montana
MoonWa00,1984,0,Moon
MoonWa00,1985,0,Moon
MoonWa00,1986,0,Moon
MoonWa00,1987,1,Moon
MoonWa00,1988,2,Moon
MoonWa00,1989,2,Moon
MoonWa00,1990,2,Moon
MoonWa00,1991,3,Moon
MoonWa00,1992,3,Moon
MoonWa00,1993,3,Moon
MoonWa00,1994,3,Moon
MoonWa00,1995,3,Moon
MoonWa00,1996,3,Moon
MoonWa00,1997,3,Moon
MoonWa00,1998,3,Moon
MoonWa00,1999,3,Moon
MoonWa00,2000,3,Moon
MoorMa01,2007,0,Moore
MoorMa01,2008,0,Moore
MoorMa01,2009,0,Moore
MoorMa01,2010,0,Moore
MoorMa01,2011,0,Moore
MoorMa01,2012,0,Moore
MoorMa01,2013,0,Moore
MoorMa01,2014,0,Moore
MoorMa01,2015,0,Moore
MoorMa01,2016,0,Moore
MoorMa01,2017,0,Moore
MoorMa01,2018,0,Moore
MoorMa01,2019,0,Moore
MorrEa00,1956,0,Morrall
MorrEa00,1957,0,Morrall
MorrEa00,1958,0,Morrall
MorrEa00,1959,0,Morrall
MorrEa00,1960,0,Morrall
MorrEa00,1961,0,Morrall
MorrEa00,1962,0,Morrall
MorrEa00,1963,0,Morrall
MorrEa00,1964,0,Morrall
MorrEa00,1965,0,Morrall
MorrEa00,1966,0,Morrall
MorrEa00,1967,0,Morrall
MorrEa00,1968,2,Morrall
MorrEa00,1969,2,Morrall
MorrEa00,1970,2,Morrall
MorrEa00,1971,2,Morrall
MorrEa00,1972,4,Morrall
MorrEa00,1973,4,Morrall
MorrEa00,1974,4,Morrall
MorrEa00,1975,4,Morrall
MorrEa00,1976,4,Morrall
MortCr00,1965,0,Morton
MortCr00,1966,0,Morton
MortCr00,1967,0,Morton
MortCr00,1968,0,Morton
MortCr00,1969,0,Morton
MortCr00,1970,2,Morton
MortCr00,1971,2,Morton
MortCr00,1972,3,Morton
MortCr00,1973,3,Morton
MortCr00,1974,3,Morton
MortCr00,1975,3,Morton
MortCr00,1976,3,Morton
MortCr00,1977,5,Morton
MortCr00,1978,5,Morton
MortCr00,1979,5,Morton
MortCr00,1980,5,Morton
MortCr00,1981,5,Morton
MortCr00,1982,5,Morton
MullNi00,2018,0,Mullens
MullNi00,2019,0,Mullens
MullNi00,2020,0,Mullens
MullNi00,2021,0,Mullens
MunsBi00,1964,0,Munson
MunsBi00,1965,0,Munson
MunsBi00,1966,0,Munson
MunsBi00,1967,0,Munson
MunsBi00,1968,0,Munson
MunsBi00,1969,0,Munson
MunsBi00,1970,0,Munson
MunsBi00,1971,0,Munson
MunsBi00,1972,0,Munson
MunsBi00,1973,0,Munson
MunsBi00,1974,0,Munson
MunsBi00,1975,0,Munson
MunsBi00,1976,0,Munson
MunsBi00,1977,0,Munson
MunsBi00,1978,0,Munson
MunsBi00,1979,0,Munson
MurrKy00,2019,0,Murray
MurrKy00,2020,0,Murray
MurrKy00,2021,0,Murray
NamaJo00,1970,0,Namath
NamaJo00,1971,0,Namath
NamaJo00,1972,0,Namath
NamaJo00,1973,0,Namath
NamaJo00,1974,0,Namath
NamaJo00,1975,0,Namath
NamaJo00,1976,0,Namath
NamaJo00,1977,0,Namath
NelsBi00,1963,0,Nelsen
NelsBi00,1964,0,Nelsen
NelsBi00,1965,0,Nelsen
NelsBi00,1966,0,Nelsen
NelsBi00,1967,0,Nelsen
NelsBi00,1968,1,Nelsen
NelsBi00,1969,2,Nelsen
NelsBi00,1970,2,Nelsen
NelsBi00,1971,2,Nelsen
NelsBi00,1972,2,Nelsen
NewtCa00,2011,0,Newton
NewtCa00,2012,0,Newton
NewtCa00,2013,0,Newton
NewtCa00,2014,1,Newton
NewtCa00,2015,3,Newton
NewtCa00,2016,3,Newton
NewtCa00,2017,3,Newton
NewtCa00,2018,3,Newton
NewtCa00,2019,3,Newton
NewtCa00,2020,3,Newton
NewtCa00,2021,3,Newton
NinoJi00,1958,0,Ninowski
NinoJi00,1959,0,Ninowski
NinoJi00,1960,0,Ninowski
NinoJi00,1961,0,Ninowski
NinoJi00,1962,0,Ninowski
NinoJi00,1963,0,Ninowski
NinoJi00,1964,0,Ninowski
NinoJi00,1965,0,Ninowski
NinoJi00,1966,0,Ninowski
NinoJi00,1967,0,Ninowski
NinoJi00,1968,0,Ninowski
NinoJi00,1969,0,Ninowski
NixxKe00,1967,0,Nix
NixxKe00,1968,0,Nix
NixxKe00,1969,0,Nix
NixxKe00,1970,0,Nix
NixxKe00,1971,0,Nix
NixxKe00,1972,0,Nix
OBriKe00,1984,0,O'Brien
OBriKe00,1985,0,O'Brien
OBriKe00,1986,0,O'Brien
OBriKe00,1987,0,O'Brien
OBriKe00,1988,0,O'Brien
OBriKe00,1989,0,O'Brien
OBriKe00,1990,0,O'Brien
OBriKe00,1991,0,O'Brien
OBriKe00,1992,0,O'Brien
OBriKe00,1993,0,O'Brien
ODonNe00,1991,0,O'Donnell
ODonNe00,1992,0,O'Donnell
ODonNe00,1993,0,O'Donnell
ODonNe00,1994,1,O'Donnell
ODonNe00,1995,3,O'Donnell
ODonNe00,1996,3,O'Donnell
ODonNe00,1997,3,O'Donnell
ODonNe00,1998,3,O'Donnell
ODonNe00,1999,3,O'Donnell
ODonNe00,2000,3,O'Donnell
ODonNe00,2001,3,O'Donnell
ODonNe00,2002,3,O'Donnell
ODonNe00,2003,3,O'Donnell
OrloDa00,2005,0,Orlovsky
OrloDa00,2006,0,Orlovsky
OrloDa00,2007,0,Orlovsky
OrloDa00,2008,0,Orlovsky
OrloDa00,2009,0,Orlovsky
OrloDa00,2010,0,Orlovsky
OrloDa00,2011,0,Orlovsky
OrloDa00,2012,0,Orlovsky
OrloDa00,2013,0,Orlovsky
OrloDa00,2014,0,Orlovsky
OrloDa00,2015,0,Orlovsky
OrtoKy00,2005,0,Orton
OrtoKy00,2006,0,Orton
OrtoKy00,2007,0,Orton
OrtoKy00,2008,0,Orton
OrtoKy00,2009,0,Orton
OrtoKy00,2010,0,Orton
OrtoKy00,2011,0,Orton
OrtoKy00,2012,0,Orton
OrtoKy00,2013,0,Orton
OrtoKy00,2014,0,Orton
OsweBr00,2012,0,Osweiler
OsweBr00,2013,0,Osweiler
OsweBr00,2014,0,Osweiler
OsweBr00,2015,0,Osweiler
OsweBr00,2016,1,Osweiler
OsweBr00,2017,1,Osweiler
OsweBr00,2018,1,Osweiler
PageMi00,1982,0,Pagel
PageMi00,1983,0,Pagel
PageMi00,1984,0,Pagel
PageMi00,1985,0,Pagel
PageMi00,1986,0,Pagel
PageMi00,1987,0,Pagel
PageMi00,1988,0,Pagel
PageMi00,1989,0,Pagel
PageMi00,1990,0,Pagel
PageMi00,1991,0,Pagel
PageMi00,1992,0,Pagel
PageMi00,1993,0,Pagel
PalmCa00,2004,0,Palmer
PalmCa00,2005,0,Palmer
PalmCa00,2006,0,Palmer
PalmCa00,2007,0,Palmer
PalmCa00,2008,0,Palmer
PalmCa00,2009,0,Palmer
PalmCa00,2010,0,Palmer
PalmCa00,2011,0,Palmer
PalmCa00,2012,0,Palmer
PalmCa00,2013,0,Palmer
PalmCa00,2014,0,Palmer
PalmCa00,2015,1,Palmer
PalmCa00,2016,1,Palmer
PalmCa00,2017,1,Palmer
PariBa00,1952,0,Parilli
PariBa00,1953,0,Parilli
PariBa00,1954,0,Parilli
PariBa00,1955,0,Parilli
PariBa00,1956,0,Parilli
PariBa00,1957,0,Parilli
PariBa00,1958,0,Parilli
PastDa00,1971,0,Pastorini
PastDa00,1972,0,Pastorini
PastDa00,1973,0,Pastorini
PastDa00,1974,0,Pastorini
PastDa00,1975,0,Pastorini
PastDa00,1976,0,Pastorini
PastDa00,1977,0,Pastorini
PastDa00,1978,2,Pastorini
PastDa00,1979,3,Pastorini
PastDa00,1980,3,Pastorini
PastDa00,1981,3,Pastorini
PastDa00,1982,3,Pastorini
PastDa00,1983,3,Pastorini
PedeDo00,1993,0,Pederson
PedeDo00,1994,0,Pederson
PedeDo00,1995,0,Pederson
PedeDo00,1996,0,Pederson
PedeDo00,1997,0,Pederson
PedeDo00,1998,0,Pederson
PedeDo00,1999,0,Pederson
PedeDo00,2000,0,Pederson
PedeDo00,2001,0,Pederson
PedeDo00,2002,0,Pederson
PedeDo00,2003,0,Pederson
PedeDo00,2004,0,Pederson
PeetRo00,1989,0,Peete
PeetRo00,1990,0,Peete
PeetRo00,1991,0,Peete
PeetRo00,1992,0,Peete
PeetRo00,1993,0,Peete
PeetRo00,1994,0,Peete
PeetRo00,1995,1,Peete
PeetRo00,1996,1,Peete
PeetRo00,1997,1,Peete
PeetRo00,1998,1,Peete
PeetRo00,1999,1,Peete
PeetRo00,2000,1,Peete
PeetRo00,2001,1,Peete
PeetRo00,2002,1,Peete
PeetRo00,2003,1,Peete
PeetRo00,2004,1,Peete
PellSt00,1985,0,Pelluer
PellSt00,1986,0,Pelluer
PellSt00,1987,0,Pelluer
PellSt00,1988,0,Pelluer
PellSt00,1989,0,Pelluer
PellSt00,1990,0,Pelluer
PennCh01,2000,0,Pennington
PennCh01,2001,0,Pennington
PennCh01,2002,1,Pennington
PennCh01,2003,1,Pennington
PennCh01,2004,2,Pennington
PennCh01,2005,2,Pennington
PennCh01,2006,2,Pennington
PennCh01,2007,2,Pennington
PennCh01,2008,2,Pennington
PennCh01,2009,2,Pennington
PennCh01,2010,2,Pennington
PhipMi00,1970,0,Phipps
PhipMi00,1971,0,Phipps
PhipMi00,1972,0,Phipps
PhipMi00,1973,0,Phipps
PhipMi00,1974,0,Phipps
PhipMi00,1975,0,Phipps
PhipMi00,1976,0,Phipps
PhipMi00,1977,0,Phipps
PhipMi00,1978,0,Phipps
PhipMi00,1979,0,Phipps
PhipMi00,1980,0,Phipps
PhipMi00,1981,0,Phipps
PisaJo00,1977,0,Pisarcik
PisaJo00,1978,0,Pisarcik
PisaJo00,1979,0,Pisarcik
PisaJo00,1980,0,Pisarcik
PisaJo00,1981,0,Pisarcik
PisaJo00,1982,0,Pisarcik
PisaJo00,1983,0,Pisarcik
PisaJo00,1984,0,Pisarcik
PlumJa00,1997,0,Plummer
PlumJa00,1998,1,Plummer
PlumJa00,1999,1,Plummer
PlumJa00,2000,1,Plummer
PlumJa00,2001,1,Plummer
PlumJa00,2002,1,Plummer
PlumJa00,2003,1,Plummer
PlumJa00,2004,1,Plummer
PlumJa00,2005,2,Plummer
PlumJa00,2006,2,Plummer
PlumMi00,1957,0,Plum
PlumMi00,1958,0,Plum
PlumMi00,1959,0,Plum
PlumMi00,1960,0,Plum
PlumMi00,1961,0,Plum
PlumMi00,1962,0,Plum
PlumMi00,1963,0,Plum
PlumMi00,1964,0,Plum
PlumMi00,1965,0,Plum
PlumMi00,1966,0,Plum
PlumMi00,1967,0,Plum
PlumMi00,1968,0,Plum
PlumMi00,1969,0,Plum
PlunJi00,1971,0,Plunkett
PlunJi00,1972,0,Plunkett
PlunJi00,1973,0,Plunkett
PlunJi00,1974,0,Plunkett
PlunJi00,1975,0,Plunkett
PlunJi00,1976,0,Plunkett
PlunJi00,1977,0,Plunkett
PlunJi00,1978,0,Plunkett
PlunJi00,1979,0,Plunkett
PlunJi00,1980,4,Plunkett
PlunJi00,1981,4,Plunkett
PlunJi00,1982,5,Plunkett
PlunJi00,1983,8,Plunkett
PlunJi00,1984,8,Plunkett
PlunJi00,1985,8,Plunkett
PlunJi00,1986,8,Plunkett
PondCh00,2011,0,Ponder
PondCh00,2012,0,Ponder
PondCh00,2013,0,Ponder
PondCh00,2014,0,Ponder
PresDa01,2016,0,Prescott
PresDa01,2017,0,Prescott
PresDa01,2018,1,Prescott
PresDa01,2019,1,Prescott
PresDa01,2020,1,Prescott
PresDa01,2021,1,Prescott
QuinBr00,2007,0,Quinn
QuinBr00,2008,0,Quinn
QuinBr00,2009,0,Quinn
QuinBr00,2010,0,Quinn
QuinBr00,2011,0,Quinn
QuinBr00,2012,0,Quinn
RamsPa00,2002,0,Ramsey
RamsPa00,2003,0,Ramsey
RamsPa00,2004,0,Ramsey
RamsPa00,2005,0,Ramsey
RamsPa00,2006,0,Ramsey
RamsPa00,2007,0,Ramsey
RamsPa00,2008,0,Ramsey
RamsSt00,1970,0,Ramsey
RamsSt00,1971,0,Ramsey
RamsSt00,1972,0,Ramsey
RamsSt00,1973,0,Ramsey
RamsSt00,1974,0,Ramsey
RamsSt00,1975,0,Ramsey
RamsSt00,1976,0,Ramsey
RattGe00,1950,0,Ratterman
RattGe00,1951,0,Ratterman
RattGe00,1952,0,Ratterman
RattGe00,1953,0,Ratterman
RattGe00,1954,0,Ratterman
RattGe00,1955,0,Ratterman
RattGe00,1956,0,Ratterman
RattTi00,2000,0,Rattay
RattTi00,2001,0,Rattay
RattTi00,2002,0,Rattay
RattTi00,2003,0,Rattay
RattTi00,2004,0,Rattay
RattTi00,2005,0,Rattay
RattTi00,2006,0,Rattay
RattTi00,2007,0,Rattay
ReavJo00,1972,0,Reaves
ReavJo00,1973,0,Reaves
ReavJo00,1974,0,Reaves
ReavJo00,1975,0,Reaves
ReavJo00,1976,0,Reaves
ReavJo00,1977,0,Reaves
ReavJo00,1978,0,Reaves
ReavJo00,1979,0,Reaves
ReavJo00,1980,0,Reaves
ReavJo00,1981,0,Reaves
ReavJo00,1982,0,Reaves
ReavJo00,1983,0,Reaves
ReavJo00,1984,0,Reaves
ReavJo00,1985,0,Reaves
ReavJo00,1986,0,Reaves
ReavJo00,1987,0,Reaves
RedmCh00,2000,0,Redman
RedmCh00,2001,0,Redman
RedmCh00,2002,0,Redman
RedmCh00,2003,0,Redman
RedmCh00,2004,0,Redman
RedmCh00,2005,0,Redman
RedmCh00,2006,0,Redman
RedmCh00,2007,0,Redman
RedmCh00,2008,0,Redman
RedmCh00,2009,0,Redman
RedmCh00,2010,0,Redman
RedmCh00,2011,0,Redman
ReedJo00,1973,0,Reed
ReedJo00,1974,0,Reed
ReedJo00,1975,0,Reed
ReedJo00,1976,0,Reed
ReedJo00,1977,0,Reed
ReedJo00,1978,0,Reed
ReedJo00,1979,0,Reed
ReicFr00,1985,0,Reich
ReicFr00,1986,0,Reich
ReicFr00,1987,0,Reich
ReicFr00,1988,0,Reich
ReicFr00,1989,0,Reich
ReicFr00,1990,0,Reich
ReicFr00,1991,0,Reich
ReicFr00,1992,2,Reich
ReicFr00,1993,2,Reich
ReicFr00,1994,2,Reich
ReicFr00,1995,2,Reich
ReicFr00,1996,2,Reich
ReicFr00,1997,2,Reich
ReicFr00,1998,2,Reich
RivePh00,2004,0,Rivers
RivePh00,2005,0,Rivers
RivePh00,2006,0,Rivers
RivePh00,2007,2,Rivers
RivePh00,2008,3,Rivers
RivePh00,2009,3,Rivers
RivePh00,2010,3,Rivers
RivePh00,2011,3,Rivers
RivePh00,2012,3,Rivers
RivePh00,2013,4,Rivers
RivePh00,2014,4,Rivers
RivePh00,2015,4,Rivers
RivePh00,2016,4,Rivers
RivePh00,2017,4,Rivers
RivePh00,2018,5,Rivers
RivePh00,2019,5,Rivers
RivePh00,2020,5,Rivers
RobiMa01,1977,0,Robinson
RobiMa01,1978,0,Robinson
RobiMa01,1979,0,Robinson
RobiMa01,1980,0,Robinson
RobiMa01,1981,0,Robinson
RobiMa01,1982,0,Robinson
RodgAa00,2005,0,Rodgers
RodgAa00,2006,0,Rodgers
RodgAa00,2007,0,Rodgers
RodgAa00,2008,0,Rodgers
RodgAa00,2009,0,Rodgers
RodgAa00,2010,4,Rodgers
RodgAa00,2011,4,Rodgers
RodgAa00,2012,5,Rodgers
RodgAa00,2013,5,Rodgers
RodgAa00,2014,6,Rodgers
RodgAa00,2015,7,Rodgers
RodgAa00,2016,9,Rodgers
RodgAa00,2017,9,Rodgers
RodgAa00,2018,9,Rodgers
RodgAa00,2019,10,Rodgers
RodgAa00,2020,11,Rodgers
RodgAa00,2021,11,Rodgers
RoetBe00,2004,1,Roethlisberger
RoetBe00,2005,5,Roethlisberger
RoetBe00,2006,5,Roethlisberger
RoetBe00,2007,5,Roethlisberger
RoetBe00,2008,8,Roethlisberger
RoetBe00,2009,8,Roethlisberger
RoetBe00,2010,10,Roethlisberger
RoetBe00,2011,10,Roethlisberger
RoetBe00,2012,10,Roethlisberger
RoetBe00,2013,10,Roethlisberger
RoetBe00,2014,10,Roethlisberger
RoetBe00,2015,11,Roethlisberger
RoetBe00,2016,13,Roethlisberger
RoetBe00,2017,13,Roethlisberger
RoetBe00,2018,13,Roethlisberger
RoetBe00,2019,13,Roethlisberger
RoetBe00,2020,13,Roethlisberger
RoetBe00,2021,13,Roethlisberger
RomoTo00,2006,0,Romo
RomoTo00,2007,0,Romo
RomoTo00,2008,0,Romo
RomoTo00,2009,1,Romo
RomoTo00,2010,1,Romo
RomoTo00,2011,1,Romo
RomoTo00,2012,1,Romo
RomoTo00,2013,1,Romo
RomoTo00,2014,2,Romo
RomoTo00,2015,2,Romo
RomoTo00,2016,2,Romo
RoseJo01,2018,0,Rosen
RoseJo01,2019,0,Rosen
RoseJo01,2020,0,Rosen
RoseJo01,2021,0,Rosen
RoseSa00,2002,0,Rosenfels
RoseSa00,2003,0,Rosenfels
RoseSa00,2004,0,Rosenfels
RoseSa00,2005,0,Rosenfels
RoseSa00,2006,0,Rosenfels
RoseSa00,2007,0,Rosenfels
RoseSa00,2008,0,Rosenfels
RoseTi00,1989,0,Rosenbach
RoseTi00,1990,0,Rosenbach
RoseTi00,1991,0,Rosenbach
RoseTi00,1992,0,Rosenbach
RoteTo00,1950,0,Rote
RoteTo00,1951,0,Rote
RoteTo00,1952,0,Rote
RoteTo00,1953,0,Rote
RoteTo00,1954,0,Rote
RoteTo00,1955,0,Rote
RoteTo00,1956,0,Rote
RoteTo00,1957,2,Rote
RoteTo00,1958,2,Rote
RoteTo00,1959,2,Rote
RussJa00,2007,0,Russell
RussJa00,2008,0,Russell
RussJa00,2009,0,Russell
RutlJe00,1979,0,Rutledge
RutlJe00,1980,0,Rutledge
RutlJe00,1981,0,Rutledge
RutlJe00,1982,0,Rutledge
RutlJe00,1983,0,Rutledge
RutlJe00,1984,0,Rutledge
RutlJe00,1985,0,Rutledge
RutlJe00,1986,0,Rutledge
RutlJe00,1987,0,Rutledge
RutlJe00,1988,0,Rutledge
RutlJe00,1989,0,Rutledge
RutlJe00,1990,0,Rutledge
RutlJe00,1991,0,Rutledge
RyanFr00,1958,0,Ryan
RyanFr00,1959,0,Ryan
RyanFr00,1960,0,Ryan
RyanFr00,1961,0,Ryan
RyanFr00,1962,0,Ryan
RyanFr00,1963,0,Ryan
RyanFr00,1964,1,Ryan
RyanFr00,1965,1,Ryan
RyanFr00,1966,1,Ryan
RyanFr00,1967,1,Ryan
RyanFr00,1968,1,Ryan
RyanFr00,1969,1,Ryan
RyanFr00,1970,1,Ryan
RyanMa00,2008,0,Ryan
RyanMa00,2009,0,Ryan
RyanMa00,2010,0,Ryan
RyanMa00,2011,0,Ryan
RyanMa00,2012,1,Ryan
RyanMa00,2013,1,Ryan
RyanMa00,2014,1,Ryan
RyanMa00,2015,1,Ryan
RyanMa00,2016,3,Ryan
RyanMa00,2017,4,Ryan
RyanMa00,2018,4,Ryan
RyanMa00,2019,4,Ryan
RyanMa00,2020,4,Ryan
RyanMa00,2021,4,Ryan
RyanPa00,1978,0,Ryan
RyanPa00,1979,0,Ryan
RyanPa00,1980,0,Ryan
RyanPa00,1981,0,Ryan
RyanPa00,1982,0,Ryan
RyanPa00,1983,0,Ryan
RyanPa00,1984,0,Ryan
RyanPa00,1985,0,Ryan
RyanPa00,1986,1,Ryan
RyanPa00,1987,1,Ryan
RyanPa00,1988,1,Ryan
RyanPa00,1989,1,Ryan
RyanPa00,1990,1,Ryan
RyanPa00,1991,1,Ryan
RypiMa00,1988,0,Rypien
RypiMa00,1989,0,Rypien
RypiMa00,1990,1,Rypien
RypiMa00,1991,4,Rypien
RypiMa00,1992,5,Rypien
RypiMa00,1993,5,Rypien
RypiMa00,1994,5,Rypien
RypiMa00,1995,5,Rypien
RypiMa00,1996,5,Rypien
RypiMa00,1997,5,Rypien
RypiMa00,1998,5,Rypien
RypiMa00,1999,5,Rypien
RypiMa00,2000,5,Rypien
RypiMa00,2001,5,Rypien
SaliSe00,1987,0,Salisbury
SaliSe00,1988,0,Salisbury
SaliSe00,1989,0,Salisbury
SaliSe00,1990,0,Salisbury
SaliSe00,1991,0,Salisbury
SaliSe00,1992,0,Salisbury
SaliSe00,1993,0,Salisbury
SaliSe00,1994,0,Salisbury
SaliSe00,1995,0,Salisbury
SaliSe00,1996,0,Salisbury
SancMa00,2009,2,Sanchez
SancMa00,2010,4,Sanchez
SancMa00,2011,4,Sanchez
SancMa00,2012,4,Sanchez
SancMa00,2013,4,Sanchez
SancMa00,2014,4,Sanchez
SancMa00,2015,4,Sanchez
SancMa00,2016,4,Sanchez
SancMa00,2017,4,Sanchez
SancMa00,2018,4,Sanchez
SchaMa00,2004,0,Schaub
SchaMa00,2005,0,Schaub
SchaMa00,2006,0,Schaub
SchaMa00,2007,0,Schaub
SchaMa00,2008,0,Schaub
SchaMa00,2009,0,Schaub
SchaMa00,2010,0,Schaub
SchaMa00,2011,0,Schaub
SchaMa00,2012,1,Schaub
SchaMa00,2013,1,Schaub
SchaMa00,2014,1,Schaub
SchaMa00,2015,1,Schaub
SchaMa00,2016,1,Schaub
SchaMa00,2017,1,Schaub
SchaMa00,2018,1,Schaub
SchaMa00,2019,1,Schaub
SchoTu00,1981,0,Schonert
SchoTu00,1982,0,Schonert
SchoTu00,1983,0,Schonert
SchoTu00,1984,0,Schonert
SchoTu00,1985,0,Schonert
SchoTu00,1986,0,Schonert
SchoTu00,1987,0,Schonert
SchoTu00,1988,0,Schonert
SchoTu00,1989,0,Schonert
SchrJa00,1985,0,Schroeder
SchrJa00,1986,2,Schroeder
SchrJa00,1987,2,Schroeder
SchrJa00,1988,2,Schroeder
SchrJa00,1989,2,Schroeder
SchrJa00,1990,3,Schroeder
SchrJa00,1991,3,Schroeder
SchrJa00,1992,3,Schroeder
SchrJa00,1993,3,Schroeder
SchrJa00,1994,3,Schroeder
ScotBo00,1973,0,Scott
ScotBo00,1974,0,Scott
ScotBo00,1975,0,Scott
ScotBo00,1976,0,Scott
ScotBo00,1977,0,Scott
ScotBo00,1978,0,Scott
ScotBo00,1979,0,Scott
ScotBo00,1980,0,Scott
ScotBo00,1981,0,Scott
ShawDe00,1970,0,Shaw
ShawDe00,1971,0,Shaw
ShawDe00,1972,0,Shaw
ShawDe00,1973,0,Shaw
ShawDe00,1974,0,Shaw
ShawDe00,1975,0,Shaw
ShawGe00,1955,0,Shaw
ShawGe00,1956,0,Shaw
ShawGe00,1957,0,Shaw
ShawGe00,1958,0,Shaw
ShawGe00,1959,0,Shaw
ShawGe00,1960,0,Shaw
ShawGe00,1961,0,Shaw
ShinDi00,1964,0,Shiner
ShinDi00,1965,0,Shiner
ShinDi00,1966,0,Shiner
ShinDi00,1967,0,Shiner
ShinDi00,1968,0,Shiner
ShinDi00,1969,0,Shiner
ShinDi00,1970,0,Shiner
ShinDi00,1971,0,Shiner
ShinDi00,1972,0,Shiner
ShinDi00,1973,0,Shiner
ShinDi00,1974,0,Shiner
ShulHe00,1994,0,Shuler
ShulHe00,1995,0,Shuler
ShulHe00,1996,0,Shuler
ShulHe00,1997,0,Shuler
SiemTr00,2016,0,Siemian
SiemTr00,2017,0,Siemian
SiemTr00,2018,0,Siemian
SiemTr00,2019,0,Siemian
SiemTr00,2020,0,Siemian
SiemTr00,2021,0,Siemian
SimmCh00,2004,0,Simms
SimmCh00,2005,0,Simms
SimmCh00,2006,0,Simms
SimmCh00,2007,0,Simms
SimmCh00,2008,0,Simms
SimmCh00,2009,0,Simms
SimmPh00,1979,0,Simms
SimmPh00,1980,0,Simms
SimmPh00,1981,0,Simms
SimmPh00,1982,0,Simms
SimmPh00,1983,0,Simms
SimmPh00,1984,1,Simms
SimmPh00,1985,2,Simms
SimmPh00,1986,5,Simms
SimmPh00,1987,5,Simms
SimmPh00,1988,5,Simms
SimmPh00,1989,5,Simms
SimmPh00,1990,5,Simms
SimmPh00,1991,5,Simms
SimmPh00,1992,5,Simms
SimmPh00,1993,6,Simms
SipeBr00,1974,0,Sipe
SipeBr00,1975,0,Sipe
SipeBr00,1976,0,Sipe
SipeBr00,1977,0,Sipe
SipeBr00,1978,0,Sipe
SipeBr00,1979,0,Sipe
SipeBr00,1980,0,Sipe
SipeBr00,1981,0,Sipe
SipeBr00,1982,0,Sipe
SipeBr00,1983,0,Sipe
SkelJo00,2010,0,Skelton
SkelJo00,2011,0,Skelton
SkelJo00,2012,0,Skelton
SmitAl03,2005,0,Smith
SmitAl03,2006,0,Smith
SmitAl03,2007,0,Smith
SmitAl03,2008,0,Smith
SmitAl03,2009,0,Smith
SmitAl03,2010,0,Smith
SmitAl03,2011,1,Smith
SmitAl03,2012,1,Smith
SmitAl03,2013,1,Smith
SmitAl03,2014,1,Smith
SmitAl03,2015,2,Smith
SmitAl03,2016,2,Smith
SmitAl03,2017,2,Smith
SmitAl03,2018,2,Smith
SmitAl03,2019,2,Smith
SmitAl03,2020,2,Smith
SmitGe00,2013,0,Smith
SmitGe00,2014,0,Smith
SmitGe00,2015,0,Smith
SmitGe00,2016,0,Smith
SmitGe00,2017,0,Smith
SmitGe00,2018,0,Smith
SmitGe00,2019,0,Smith
SmitGe00,2020,0,Smith
SmitGe00,2021,0,Smith
SneaNo00,1961,0,Snead
SneaNo00,1962,0,Snead
SneaNo00,1963,0,Snead
SneaNo00,1964,0,Snead
SneaNo00,1965,0,Snead
SneaNo00,1966,0,Snead
SneaNo00,1967,0,Snead
SneaNo00,1968,0,Snead
SneaNo00,1969,0,Snead
SneaNo00,1970,0,Snead
SneaNo00,1971,0,Snead
SneaNo00,1972,0,Snead
SneaNo00,1973,0,Snead
SneaNo00,1974,0,Snead
SneaNo00,1975,0,Snead
SneaNo00,1976,0,Snead
SpurSt00,1967,0,Spurrier
SpurSt00,1968,0,Spurrier
SpurSt00,1969,0,Spurrier
SpurSt00,1970,0,Spurrier
SpurSt00,1971,0,Spurrier
SpurSt00,1972,0,Spurrier
SpurSt00,1973,0,Spurrier
SpurSt00,1974,0,Spurrier
SpurSt00,1975,0,Spurrier
SpurSt00,1976,0,Spurrier
StabKe00,1970,0,Stabler
StabKe00,1971,0,Stabler
StabKe00,1972,0,Stabler
StabKe00,1973,1,Stabler
StabKe00,1974,2,Stabler
StabKe00,1975,3,Stabler
StabKe00,1976,6,Stabler
StabKe00,1977,7,Stabler
StabKe00,1978,7,Stabler
StabKe00,1979,7,Stabler
StabKe00,1980,7,Stabler
StabKe00,1981,7,Stabler
StabKe00,1982,7,Stabler
StabKe00,1983,7,Stabler
StabKe00,1984,7,Stabler
StafMa00,2009,0,Stafford
StafMa00,2010,0,Stafford
StafMa00,2011,0,Stafford
StafMa00,2012,0,Stafford
StafMa00,2013,0,Stafford
StafMa00,2014,0,Stafford
StafMa00,2015,0,Stafford
StafMa00,2016,0,Stafford
StafMa00,2017,0,Stafford
StafMa00,2018,0,Stafford
StafMa00,2019,0,Stafford
StafMa00,2020,0,Stafford
StafMa00,2021,3,Stafford
StanDr00,2008,0,Stanton
StanDr00,2009,0,Stanton
StanDr00,2010,0,Stanton
StanDr00,2011,0,Stanton
StanDr00,2012,0,Stanton
StanDr00,2013,0,Stanton
StanDr00,2014,0,Stanton
StanDr00,2015,0,Stanton
StanDr00,2016,0,Stanton
StanDr00,2017,0,Stanton
StarBa00,1956,0,Starr
StarBa00,1957,0,Starr
StarBa00,1958,0,Starr
StarBa00,1959,0,Starr
StarBa00,1960,0,Starr
StarBa00,1961,1,Starr
StarBa00,1962,2,Starr
StarBa00,1963,2,Starr
StarBa00,1964,2,Starr
StarBa00,1965,4,Starr
StarBa00,1966,6,Starr
StarBa00,1967,9,Starr
StarBa00,1968,9,Starr
StarBa00,1969,9,Starr
StarBa00,1970,9,Starr
StarBa00,1971,9,Starr
StauRo00,1969,0,Staubach
StauRo00,1970,0,Staubach
StauRo00,1971,3,Staubach
StauRo00,1972,3,Staubach
StauRo00,1973,4,Staubach
StauRo00,1974,4,Staubach
StauRo00,1975,6,Staubach
StauRo00,1976,6,Staubach
StauRo00,1977,9,Staubach
StauRo00,1978,11,Staubach
StauRo00,1979,11,Staubach
StewKo00,1995,0,Stewart
StewKo00,1996,0,Stewart
StewKo00,1997,1,Stewart
StewKo00,1998,1,Stewart
StewKo00,1999,1,Stewart
StewKo00,2000,1,Stewart
StewKo00,2001,2,Stewart
StewKo00,2002,2,Stewart
StewKo00,2003,2,Stewart
StouCl00,1980,0,Stoudt
StouCl00,1981,0,Stoudt
StouCl00,1982,0,Stoudt
StouCl00,1983,0,Stoudt
StouCl00,1984,0,Stoudt
StouCl00,1985,0,Stoudt
StouCl00,1986,0,Stoudt
StouCl00,1987,0,Stoudt
StouCl00,1988,0,Stoudt
StroDo00,1975,0,Strock
StroDo00,1976,0,Strock
StroDo00,1977,0,Strock
StroDo00,1978,0,Strock
StroDo00,1979,0,Strock
StroDo00,1980,0,Strock
StroDo00,1981,0,Strock
StroDo00,1982,0,Strock
StroDo00,1983,0,Strock
StroDo00,1984,0,Strock
StroDo00,1985,0,Strock
StroDo00,1986,0,Strock
StroDo00,1987,0,Strock
StroDo00,1988,0,Strock
SweeKa00,1966,0,Sweetan
SweeKa00,1967,0,Sweetan
SweeKa00,1968,0,Sweetan
SweeKa00,1969,0,Sweetan
SweeKa00,1970,0,Sweetan
TagoTu00,2020,0,Tagovailoa
TagoTu00,2021,0,Tagovailoa
TannRy00,2012,0,Tannehill
TannRy00,2013,0,Tannehill
TannRy00,2014,0,Tannehill
TannRy00,2015,0,Tannehill
TannRy00,2016,0,Tannehill
TannRy00,2017,0,Tannehill
TannRy00,2018,0,Tannehill
TannRy00,2019,2,Tannehill
TannRy00,2020,2,Tannehill
TannRy00,2021,2,Tannehill
TarkFr00,1961,0,Tarkenton
TarkFr00,1962,0,Tarkenton
TarkFr00,1963,0,Tarkenton
TarkFr00,1964,0,Tarkenton
TarkFr00,1965,0,Tarkenton
TarkFr00,1966,0,Tarkenton
TarkFr00,1967,0,Tarkenton
TarkFr00,1968,0,Tarkenton
TarkFr00,1969,0,Tarkenton
TarkFr00,1970,0,Tarkenton
TarkFr00,1971,0,Tarkenton
TarkFr00,1972,0,Tarkenton
TarkFr00,1973,2,Tarkenton
TarkFr00,1974,4,Tarkenton
TarkFr00,1975,4,Tarkenton
TarkFr00,1976,6,Tarkenton
TarkFr00,1977,6,Tarkenton
TarkFr00,1978,6,Tarkenton
TaylTy00,2011,0,Taylor
TaylTy00,2012,0,Taylor
TaylTy00,2013,0,Taylor
TaylTy00,2014,0,Taylor
TaylTy00,2015,0,Taylor
TaylTy00,2016,0,Taylor
TaylTy00,2017,0,Taylor
TaylTy00,2018,0,Taylor
TaylTy00,2019,0,Taylor
TaylTy00,2020,0,Taylor
TaylTy00,2021,0,Taylor
TestVi00,1987,0,Testaverde
TestVi00,1988,0,Testaverde
TestVi00,1989,0,Testaverde
TestVi00,1990,0,Testaverde
TestVi00,1991,0,Testaverde
TestVi00,1992,0,Testaverde
TestVi00,1993,0,Testaverde
TestVi00,1994,1,Testaverde
TestVi00,1995,1,Testaverde
TestVi00,1996,1,Testaverde
TestVi00,1997,1,Testaverde
TestVi00,1998,2,Testaverde
TestVi00,1999,2,Testaverde
TestVi00,2000,2,Testaverde
TestVi00,2001,2,Testaverde
TestVi00,2002,2,Testaverde
TestVi00,2003,2,Testaverde
TestVi00,2004,2,Testaverde
TestVi00,2005,2,Testaverde
TestVi00,2006,2,Testaverde
TestVi00,2007,2,Testaverde
TheiJo00,1974,0,Theismann
TheiJo00,1975,0,Theismann
TheiJo00,1976,0,Theismann
TheiJo00,1977,0,Theismann
TheiJo00,1978,0,Theismann
TheiJo00,1979,0,Theismann
TheiJo00,1980,0,Theismann
TheiJo00,1981,0,Theismann
TheiJo00,1982,4,Theismann
TheiJo00,1983,6,Theismann
TheiJo00,1984,6,Theismann
TheiJo00,1985,6,Theismann
ThigTy00,2007,0,Thigpen
ThigTy00,2008,0,Thigpen
ThigTy00,2009,0,Thigpen
ThigTy00,2010,0,Thigpen
ThigTy00,2011,0,Thigpen
ThigTy00,2012,0,Thigpen
ThomBo02,1951,0,Thomason
ThomBo02,1952,0,Thomason
ThomBo02,1953,0,Thomason
ThomBo02,1954,0,Thomason
ThomBo02,1955,0,Thomason
ThomBo02,1956,0,Thomason
ThomBo02,1957,0,Thomason
ThomJa00,1979,0,Thompson
ThomJa00,1980,0,Thompson
ThomJa00,1981,0,Thompson
ThomJa00,1982,0,Thompson
ThomJa00,1983,0,Thompson
ThomJa00,1984,0,Thompson
TittY.00,1950,0,Tittle
TittY.00,1951,0,Tittle
TittY.00,1952,0,Tittle
TittY.00,1953,0,Tittle
TittY.00,1954,0,Tittle
TittY.00,1955,0,Tittle
TittY.00,1956,0,Tittle
TittY.00,1957,0,Tittle
TittY.00,1958,0,Tittle
TittY.00,1959,0,Tittle
TittY.00,1960,0,Tittle
TittY.00,1961,0,Tittle
TittY.00,1962,0,Tittle
TittY.00,1963,0,Tittle
TittY.00,1964,0,Tittle
ToddRi00,1976,0,Todd
ToddRi00,1977,0,Todd
ToddRi00,1978,0,Todd
ToddRi00,1979,0,Todd
ToddRi00,1980,0,Todd
ToddRi00,1981,0,Todd
ToddRi00,1982,2,Todd
ToddRi00,1983,2,Todd
ToddRi00,1984,2,Todd
ToddRi00,1985,2,Todd
TollBi00,1989,0,Joe Tolliver
TollBi00,1990,0,Joe Tolliver
TollBi00,1991,0,Joe Tolliver
TollBi00,1992,0,Joe Tolliver
TollBi00,1993,0,Joe Tolliver
TollBi00,1994,0,Joe Tolliver
TollBi00,1995,0,Joe Tolliver
TollBi00,1996,0,Joe Tolliver
TollBi00,1997,0,Joe Tolliver
TollBi00,1998,0,Joe Tolliver
TollBi00,1999,0,Joe Tolliver
TomcMi00,1985,0,Tomczak
TomcMi00,1986,0,Tomczak
TomcMi00,1987,0,Tomczak
TomcMi00,1988,1,Tomczak
TomcMi00,1989,1,Tomczak
TomcMi00,1990,2,Tomczak
TomcMi00,1991,2,Tomczak
TomcMi00,1992,2,Tomczak
TomcMi00,1993,2,Tomczak
TomcMi00,1994,2,Tomczak
TomcMi00,1995,2,Tomczak
TomcMi00,1996,3,Tomczak
TomcMi00,1997,3,Tomczak
TomcMi00,1998,3,Tomczak
TomcMi00,1999,3,Tomczak
TrubMi00,2017,0,Trubisky
TrubMi00,2018,0,Trubisky
TrubMi00,2019,0,Trubisky
TrubMi00,2020,0,Trubisky
TrubMi00,2021,0,Trubisky
TrudJa00,1986,0,Trudeau
TrudJa00,1987,0,Trudeau
TrudJa00,1988,0,Trudeau
TrudJa00,1989,0,Trudeau
TrudJa00,1990,0,Trudeau
TrudJa00,1991,0,Trudeau
TrudJa00,1992,0,Trudeau
TrudJa00,1993,0,Trudeau
TrudJa00,1994,0,Trudeau
TrudJa00,1995,0,Trudeau
TupaTo20,1988,0,Tupa
TupaTo20,1989,0,Tupa
TupaTo20,1990,0,Tupa
TupaTo20,1991,0,Tupa
TupaTo20,1992,0,Tupa
TupaTo20,1993,0,Tupa
TupaTo20,1994,0,Tupa
TupaTo20,1995,0,Tupa
TupaTo20,1996,0,Tupa
TupaTo20,1997,0,Tupa
TupaTo20,1998,0,Tupa
TupaTo20,1999,0,Tupa
TupaTo20,2000,0,Tupa
TupaTo20,2001,0,Tupa
TupaTo20,2002,0,Tupa
UnitJo00,1956,0,Unitas
UnitJo00,1957,0,Unitas
UnitJo00,1958,1,Unitas
UnitJo00,1959,2,Unitas
UnitJo00,1960,2,Unitas
UnitJo00,1961,2,Unitas
UnitJo00,1962,2,Unitas
UnitJo00,1963,2,Unitas
UnitJo00,1964,2,Unitas
UnitJo00,1965,2,Unitas
UnitJo00,1966,2,Unitas
UnitJo00,1967,2,Unitas
UnitJo00,1968,2,Unitas
UnitJo00,1969,2,Unitas
UnitJo00,1970,5,Unitas
UnitJo00,1971,6,Unitas
UnitJo00,1972,6,Unitas
UnitJo00,1973,6,Unitas
VanBNo00,1950,1,Van Brocklin
VanBNo00,1951,1,Van Brocklin
VanBNo00,1952,1,Van Brocklin
VanBNo00,1953,1,Van Brocklin
VanBNo00,1954,1,Van Brocklin
VanBNo00,1955,1,Van Brocklin
VanBNo00,1956,1,Van Brocklin
VanBNo00,1957,1,Van Brocklin
VanBNo00,1958,1,Van Brocklin
VanBNo00,1959,1,Van Brocklin
VanBNo00,1960,2,Van Brocklin
VickMi00,2001,0,Vick
VickMi00,2002,1,Vick
VickMi00,2003,1,Vick
VickMi00,2004,2,Vick
VickMi00,2005,2,Vick
VickMi00,2006,2,Vick
VickMi00,2007,2,Vick
VickMi00,2008,2,Vick
VickMi00,2009,2,Vick
VickMi00,2010,2,Vick
VickMi00,2011,2,Vick
VickMi00,2012,2,Vick
VickMi00,2013,2,Vick
VickMi00,2014,2,Vick
VickMi00,2015,2,Vick
VoleBi00,2001,0,Volek
VoleBi00,2002,0,Volek
VoleBi00,2003,0,Volek
VoleBi00,2004,0,Volek
VoleBi00,2005,0,Volek
VoleBi00,2006,0,Volek
VoleBi00,2007,0,Volek
VoleBi00,2008,0,Volek
VoleBi00,2009,0,Volek
VoleBi00,2010,0,Volek
WadeBi00,1954,0,Wade
WadeBi00,1955,0,Wade
WadeBi00,1956,0,Wade
WadeBi00,1957,0,Wade
WadeBi00,1958,0,Wade
WadeBi00,1959,0,Wade
WadeBi00,1960,0,Wade
WadeBi00,1961,0,Wade
WadeBi00,1962,0,Wade
WadeBi00,1963,1,Wade
WadeBi00,1964,1,Wade
WadeBi00,1965,1,Wade
WadeBi00,1966,1,Wade
WallSe00,2005,0,Wallace
WallSe00,2006,0,Wallace
WallSe00,2007,0,Wallace
WallSe00,2008,0,Wallace
WallSe00,2009,0,Wallace
WallSe00,2010,0,Wallace
WallSe00,2011,0,Wallace
WallSe00,2012,0,Wallace
WallSe00,2013,0,Wallace
WalsSt00,1989,0,Walsh
WalsSt00,1990,0,Walsh
WalsSt00,1991,0,Walsh
WalsSt00,1992,0,Walsh
WalsSt00,1993,0,Walsh
WalsSt00,1994,1,Walsh
WalsSt00,1995,1,Walsh
WalsSt00,1996,1,Walsh
WalsSt00,1997,1,Walsh
WalsSt00,1998,1,Walsh
WalsSt00,1999,1,Walsh
WarnKu00,1998,0,Warner
WarnKu00,1999,3,Warner
WarnKu00,2000,3,Warner
WarnKu00,2001,5,Warner
WarnKu00,2002,5,Warner
WarnKu00,2003,5,Warner
WarnKu00,2004,5,Warner
WarnKu00,2005,5,Warner
WarnKu00,2006,5,Warner
WarnKu00,2007,5,Warner
WarnKu00,2008,8,Warner
WarnKu00,2009,9,Warner
WatsDe00,2017,0,Watson
WatsDe00,2018,0,Watson
WatsDe00,2019,1,Watson
WatsDe00,2020,1,Watson
WeedBr00,2012,0,Weeden
WeedBr00,2013,0,Weeden
WeedBr00,2014,0,Weeden
WeedBr00,2015,0,Weeden
WeinCh00,2001,0,Weinke
WeinCh00,2002,0,Weinke
WeinCh00,2003,0,Weinke
WeinCh00,2004,0,Weinke
WeinCh00,2005,0,Weinke
WeinCh00,2006,0,Weinke
WeinCh00,2007,0,Weinke
WentCa00,2016,0,Wentz
WentCa00,2017,0,Wentz
WentCa00,2018,0,Wentz
WentCa00,2019,0,Wentz
WentCa00,2020,0,Wentz
WentCa00,2021,0,Wentz
WhelCr00,1997,0,Whelihan
WhelCr00,1998,0,Whelihan
WhitDa01,1976,0,White
WhitDa01,1977,0,White
WhitDa01,1978,0,White
WhitDa01,1979,0,White
WhitDa01,1980,2,White
WhitDa01,1981,3,White
WhitDa01,1982,5,White
WhitDa01,1983,5,White
WhitDa01,1984,5,White
WhitDa01,1985,5,White
WhitDa01,1986,5,White
WhitDa01,1987,5,White
WhitDa01,1988,5,White
WhitDa02,1977,0,Whitehurst
WhitDa02,1978,0,Whitehurst
WhitDa02,1979,0,Whitehurst
WhitDa02,1980,0,Whitehurst
WhitDa02,1981,0,Whitehurst
WhitDa02,1982,0,Whitehurst
WhitDa02,1983,0,Whitehurst
WillDo01,1978,0,Williams
WillDo01,1979,1,Williams
WillDo01,1980,1,Williams
WillDo01,1981,1,Williams
WillDo01,1982,1,Williams
WillDo01,1983,1,Williams
WillDo01,1984,1,Williams
WillDo01,1985,1,Williams
WillDo01,1986,1,Williams
WillDo01,1987,4,Williams
WillDo01,1988,4,Williams
WillDo01,1989,4,Williams
WilsDa00,1981,0,Wilson
WilsDa00,1982,0,Wilson
WilsDa00,1983,0,Wilson
WilsDa00,1984,0,Wilson
WilsDa00,1985,0,Wilson
WilsDa00,1986,0,Wilson
WilsDa00,1987,0,Wilson
WilsDa00,1988,0,Wilson
WilsMa00,1980,0,Wilson
WilsMa00,1981,0,Wilson
WilsMa00,1982,0,Wilson
WilsMa00,1983,0,Wilson
WilsMa00,1984,0,Wilson
WilsMa00,1985,0,Wilson
WilsMa00,1986,0,Wilson
WilsMa00,1987,0,Wilson
WilsMa00,1988,0,Wilson
WilsMa00,1989,0,Wilson
WilsMa00,1990,0,Wilson
WilsRu00,2012,1,Wilson
WilsRu00,2013,4,Wilson
WilsRu00,2014,6,Wilson
WilsRu00,2015,7,Wilson
WilsRu00,2016,8,Wilson
WilsRu00,2017,8,Wilson
WilsRu00,2018,8,Wilson
WilsRu00,2019,9,Wilson
WilsRu00,2020,9,Wilson
WilsRu00,2021,9,Wilson
WilsWa00,1981,0,Wilson
WilsWa00,1982,0,Wilson
WilsWa00,1983,0,Wilson
WilsWa00,1984,0,Wilson
WilsWa00,1985,0,Wilson
WilsWa00,1986,0,Wilson
WilsWa00,1987,1,Wilson
WilsWa00,1988,2,Wilson
WilsWa00,1989,2,Wilson
WilsWa00,1990,2,Wilson
WilsWa00,1991,2,Wilson
WilsWa00,1992,2,Wilson
WilsWa00,1993,2,Wilson
WilsWa00,1994,2,Wilson
WilsWa00,1995,2,Wilson
WilsWa00,1996,2,Wilson
WilsWa00,1997,2,Wilson
WilsWa00,1998,2,Wilson
WinsJa00,2015,0,Winston
WinsJa00,2016,0,Winston
WinsJa00,2017,0,Winston
WinsJa00,2018,0,Winston
WinsJa00,2019,0,Winston
WinsJa00,2020,0,Winston
WinsJa00,2021,0,Winston
WoodDa00,1980,0,Woodley
WoodDa00,1981,0,Woodley
WoodDa00,1982,3,Woodley
WoodDa00,1983,3,Woodley
WoodDa00,1984,3,Woodley
WoodDa00,1985,3,Woodley
WrigAn00,2000,0,Wright
WrigAn00,2001,0,Wright
WrigAn00,2002,0,Wright
WrigAn00,2003,0,Wright
WrigAn00,2004,0,Wright
WrigAn00,2005,0,Wright
WrigAn00,2006,0,Wright
WrigAn00,2007,0,Wright
WrigRa00,1984,0,Wright
WrigRa00,1985,0,Wright
WrigRa00,1986,0,Wright
WrigRa00,1987,0,Wright
WrigRa00,1988,0,Wright
YounSt00,1985,0,Young
YounSt00,1986,0,Young
YounSt00,1987,0,Young
YounSt00,1988,0,Young
YounSt00,1989,0,Young
YounSt00,1990,0,Young
YounSt00,1991,0,Young
YounSt00,1992,1,Young
YounSt00,1993,2,Young
YounSt00,1994,5,Young
YounSt00,1995,5,Young
YounSt00,1996,6,Young
YounSt00,1997,7,Young
YounSt00,1998,8,Young
YounSt00,1999,8,Young
YounVi00,2006,0,Young
YounVi00,2007,0,Young
YounVi00,2008,0,Young
YounVi00,2009,0,Young
YounVi00,2010,0,Young
YounVi00,2011,0,Young
ZeieEr00,1995,0,Zeier
ZeieEr00,1996,0,Zeier
ZeieEr00,1997,0,Zeier
ZeieEr00,1998,0,Zeier
ZeieEr00,1999,0,Zeier
ZeieEr00,2000,0,Zeier
ZornJi00,1976,0,Zorn
ZornJi00,1977,0,Zorn
ZornJi00,1978,0,Zorn
ZornJi00,1979,0,Zorn
ZornJi00,1980,0,Zorn
ZornJi00,1981,0,Zorn
ZornJi00,1982,0,Zorn
ZornJi00,1983,0,Zorn
ZornJi00,1984,0,Zorn
ZornJi00,1985,0,Zorn
ZornJi00,1986,0,Zorn
ZornJi00,1987,0,Zorn
